Perioden,45 Autohandel en -reparatie,451 Autohandel en -reparatie,45111 Import van nieuwe personenauto's,452 Gespecialiseerde autoreparatie,453 Handel in auto-onderdelen,454 Handel en reparatie van motorfietsen,46 Groothandel en handelsbemiddeling,462 Groothandel in landbouwproducten,463 Groothandel in voedingsmiddelen,464 Groothandel in non-food,466 Groothandel in industriemachines,467 Overige gespecialiseerde groothandel,47 Detailhandel (niet in auto's),471 Supermarkten en warenhuizen,4711 Supermarkten,"4711, 472 Winkels in voedingsmiddelen",472 Winkels in voedingsmiddelen,474 Winkels in consumentenelektronica,475 Winkels in overige huishoudwaren,4752 Winkels in doe-het-zelfartikelen,47528 Bouwmarkten,4759 Winkels overige huishoudartikelen,476 Winkels in recreatieartikelen,477 Winkels in overige artikelen,4771 Winkels in kleding,4772 Winkels in schoenen en lederwaren,47741 Drogisterijen,"479 Detailhandel, geen winkel of markt","4791 Postorderbedrijven, webwinkels",49 Vervoer over land,50 Vervoer over water,51 Vervoer door de lucht,"52 Opslag, dienstverlening voor vervoer",53 Post en koeriers,55 Logiesverstrekking,56 Eet- en drinkgelegenheden,58 Uitgeverijen,59 Film- en tv-productie; geluidsopname,60 Radio- en televisieomroepen,61 Telecommunicatie,62 IT-dienstverlening,63 Diensten op het gebied van informatie,68 Verhuur en handel van onroerend goed,"71 Architecten-, ingenieursbureaus e.d.",73 Reclamewezen en marktonderzoek,"74 Design, fotografie, vertaalbureaus","79 Reisbureaus, reisorganisatie en -info",80 Beveiligings- en opsporingsdiensten,"81 Schoonmaakbedrijven, hoveniers e.d.",82 Overige zakelijke dienstverlening,"Detailhandel excl. auto's, tankstations",G Handel,H Vervoer en opslag,H+I+J+L+M+N Totaal dienstverlening,I Horeca,J Informatie en communicatie,L Verhuur en handel van onroerend goed,M Specialistische zakelijke diensten,N Verhuur en overige zakelijke diensten,"Winkels in meubels, woninginrichting alg","Winkels in non-food, dh geen winkel"
2000-01-01,,,,,,,,,,,,,62.7,49.5,47.7,54.1,97.4,116.0,85.0,68.9,69.5,91.8,97.5,,90.1,113.8,58.0,17.9,10.6,,,,,,,,,,,,,,,,,,,,,,61.5,,,,,,,,,79.0,66.5
2000-02-01,,,,,,,,,,,,,62.9,49.8,48.5,55.1,99.8,110.6,87.9,72.7,70.4,94.0,100.2,,79.9,94.7,58.4,18.3,10.8,,,,,,,,,,,,,,,,,,,,,,61.6,,,,,,,,,80.3,65.9
2000-03-01,,,,,,,,,,,,,71.8,56.5,54.8,62.2,112.0,117.2,97.8,85.0,83.1,100.9,113.3,,107.3,127.6,61.5,19.3,10.8,,,,,,,,,,,,,,,,,,,,,,70.7,,,,,,,,,87.3,76.3
2000-04-01,,,,,,,,,,,,,72.0,54.5,53.3,60.2,107.3,101.4,94.9,85.5,84.0,95.8,117.5,,121.2,168.9,60.1,18.9,10.1,,,,,,,,,,,,,,,,,,,,,,70.7,,,,,,,,,80.9,77.7
2000-05-01,,,,,,,,,,,,,76.0,55.4,53.4,61.0,112.4,113.2,100.1,93.1,90.0,98.3,129.3,,125.3,193.1,66.5,19.8,10.4,,,,,,,,,,,,,,,,,,,,,,74.7,,,,,,,,,81.7,83.7
2000-06-01,,,,,,,,,,,,,74.5,57.2,56.0,64.0,117.8,117.8,97.6,88.8,85.4,98.4,131.6,,108.6,160.4,67.2,19.9,10.2,,,,,,,,,,,,,,,,,,,,,,73.3,,,,,,,,,82.5,79.6
2000-07-01,,,,,,,,,,,,,72.0,53.9,52.2,59.4,108.4,117.6,96.4,84.9,86.2,99.7,139.2,,102.5,157.4,65.8,20.1,11.4,,,,,,,,,,,,,,,,,,,,,,70.8,,,,,,,,,85.2,78.4
2000-08-01,,,,,,,,,,,,,70.8,54.8,53.9,61.3,111.8,110.0,90.4,80.2,86.5,92.7,142.6,,92.9,146.0,63.2,25.1,17.0,,,,,,,,,,,,,,,,,,,,,,69.7,,,,,,,,,77.2,75.3
2000-09-01,,,,,,,,,,,,,74.9,57.7,54.9,62.0,109.8,118.8,92.7,81.2,75.8,95.2,126.5,,127.3,181.1,64.7,25.3,15.9,,,,,,,,,,,,,,,,,,,,,,73.8,,,,,,,,,80.5,81.7
2000-10-01,,,,,,,,,,,,,73.7,54.0,51.8,58.9,106.6,123.2,99.4,83.6,77.8,106.1,113.9,,131.8,179.2,62.2,21.6,12.5,,,,,,,,,,,,,,,,,,,,,,72.3,,,,,,,,,91.6,81.2
2000-11-01,,,,,,,,,,,,,76.6,57.7,55.1,62.7,114.3,140.6,108.7,90.2,83.3,116.9,139.6,,112.2,146.2,69.0,21.4,12.2,,,,,,,,,,,,,,,,,,,,,,75.5,,,,,,,,,95.2,83.9
2000-12-01,,,,,,,,,,,,,87.5,65.4,61.8,73.3,151.2,182.4,117.9,92.7,84.6,132.7,150.7,,128.9,168.7,78.6,20.4,10.6,,,,,,,,,,,,,,,,,,,,,,87.1,,,,,,,,,104.9,96.3
2001-01-01,,,,,,,,,,,,,68.0,54.0,52.3,58.8,102.4,130.2,90.4,72.5,74.0,98.9,102.2,,97.0,119.6,63.7,23.0,15.2,,,,,,,,,,,,,,,,,,,,,,66.9,,,,,,,,,86.6,72.2
2001-02-01,,,,,,,,,,,,,65.3,51.8,50.8,57.5,103.0,114.7,88.4,73.6,71.2,94.9,100.0,,83.1,97.7,59.8,23.4,15.5,,,,,,,,,,,,,,,,,,,,,,64.1,,,,,,,,,82.2,68.5
2001-03-01,,,,,,,,,,,,,77.9,63.3,61.7,68.7,115.9,128.2,104.1,89.4,84.6,108.8,118.8,,116.3,137.1,66.3,24.4,15.4,,,,,,,,,,,,,,,,,,,,,,76.9,,,,,,,,,95.2,82.5
2001-04-01,,,,,,,,,,,,,74.7,55.1,54.1,61.2,109.2,114.9,101.5,93.8,94.9,101.2,119.8,,119.9,167.8,61.5,22.4,12.9,,,,,,,,,,,,,,,,,,,,,,73.3,,,,,,,,,86.9,81.4
2001-05-01,,,,,,,,,,,,,82.5,60.8,59.2,66.8,118.5,114.4,109.8,102.7,102.3,108.4,140.2,,135.0,210.0,74.1,23.1,12.6,,,,,,,,,,,,,,,,,,,,,,81.3,,,,,,,,,91.1,90.9
2001-06-01,,,,,,,,,,,,,80.3,61.5,60.2,68.1,121.4,122.2,106.2,98.4,96.3,106.5,143.9,,119.4,181.3,76.0,21.3,10.8,,,,,,,,,,,,,,,,,,,,,,79.2,,,,,,,,,90.4,86.6
2001-07-01,,,,,,,,,,,,,74.7,56.4,55.1,62.3,111.1,123.4,100.0,89.0,91.2,103.2,146.5,,102.8,154.6,71.3,21.3,12.3,,,,,,,,,,,,,,,,,,,,,,73.4,,,,,,,,,88.5,80.8
2001-08-01,,,,,,,,,,,,,76.0,60.5,59.9,67.1,115.7,124.3,95.2,85.1,90.2,98.0,153.8,,99.4,149.3,70.2,26.6,17.9,,,,,,,,,,,,,,,,,,,,,,75.1,,,,,,,,,81.9,80.3
2001-09-01,,,,,,,,,,,,,78.1,58.4,55.7,62.7,109.7,129.9,95.8,83.9,79.5,99.8,129.4,,144.2,206.9,66.1,28.3,19.2,,,,,,,,,,,,,,,,,,,,,,77.1,,,,,,,,,85.1,86.7
2001-10-01,,,,,,,,,,,,,80.0,59.6,57.5,64.7,113.7,134.5,111.7,95.5,90.0,119.2,124.6,,130.5,180.1,70.4,27.2,17.1,,,,,,,,,,,,,,,,,,,,,,79.0,,,,,,,,,105.3,88.4
2001-11-01,,,,,,,,,,,,,81.8,63.0,60.5,68.2,120.1,147.8,115.0,96.2,89.4,123.5,151.6,,118.0,151.0,76.4,24.9,15.0,,,,,,,,,,,,,,,,,,,,,,81.2,,,,,,,,,102.1,89.7
2001-12-01,,,,,,,,,,,,,89.9,67.1,63.4,75.1,154.2,188.8,119.5,92.2,89.3,136.9,160.7,,135.8,177.7,85.6,20.1,10.6,,,,,,,,,,,,,,,,,,,,,,89.9,,,,,,,,,106.5,99.7
2002-01-01,,,,,,,,,,,,,71.1,57.9,56.6,63.3,108.4,142.1,96.4,80.3,81.6,103.9,110.4,,95.5,122.5,64.6,21.1,13.3,,,,,,,,,,,,,,,,,,,,,,70.1,,,,,,,,,91.7,74.7
2002-02-01,,,,,,,,,,,,,67.5,54.5,53.9,60.2,103.0,117.7,93.0,79.9,76.6,98.5,106.7,,87.5,101.6,61.8,23.3,16.0,,,,,,,,,,,,,,,,,,,,,,66.6,,,,,,,,,86.5,70.8
2002-03-01,,,,,,,,,,,,,79.9,63.7,62.1,69.1,116.6,124.5,104.6,94.6,89.9,106.2,126.0,,125.8,148.2,68.7,25.9,16.9,,,,,,,,,,,,,,,,,,,,,,79.0,,,,,,,,,91.8,85.6
2002-04-01,,,,,,,,,,,,,79.0,60.1,59.3,65.8,109.3,118.0,105.4,101.2,102.5,102.1,131.2,,128.9,184.5,68.8,23.9,15.2,,,,,,,,,,,,,,,,,,,,,,78.0,,,,,,,,,87.8,86.1
2002-05-01,,,,,,,,,,,,,84.1,66.2,65.1,72.3,121.2,125.2,110.4,103.6,104.3,109.0,140.2,,127.5,187.5,79.0,22.9,13.0,,,,,,,,,,,,,,,,,,,,,,83.3,,,,,,,,,91.3,90.5
2002-06-01,,,,,,,,,,,,,80.8,60.9,59.6,67.1,117.7,126.3,105.2,99.3,95.5,103.2,146.6,,127.9,186.9,80.3,21.8,11.8,,,,,,,,,,,,,,,,,,,,,,79.8,,,,,,,,,86.6,88.3
2002-07-01,,,,,,,,,,,,,78.8,60.5,59.6,66.5,113.1,136.5,107.4,101.3,108.8,105.2,151.9,,109.3,159.4,78.6,23.0,14.6,,,,,,,,,,,,,,,,,,,,,,78.0,,,,,,,,,90.2,85.7
2002-08-01,,,,,,,,,,,,,79.3,65.2,64.8,71.3,115.1,129.5,98.7,91.8,98.5,99.0,154.9,,106.1,151.0,77.8,28.6,20.7,,,,,,,,,,,,,,,,,,,,,,78.7,,,,,,,,,80.4,83.6
2002-09-01,,,,,,,,,,,,,78.0,59.3,57.3,64.1,109.6,132.4,98.8,93.3,91.2,95.9,134.6,,135.7,193.9,69.3,25.9,17.3,,,,,,,,,,,,,,,,,,,,,,77.2,,,,,,,,,80.8,85.9
2002-10-01,,,,,,,,,,,,,83.6,64.1,61.4,68.2,113.8,141.2,112.0,101.2,94.8,114.3,133.7,,147.4,193.1,77.6,26.8,17.3,,,,,,,,,,,,,,,,,,,,,,82.9,,,,,,,,,97.2,92.6
2002-11-01,,,,,,,,,,,,,82.2,65.4,63.2,70.2,117.7,149.9,112.3,96.7,90.8,120.5,152.7,,118.0,146.0,80.8,23.5,14.2,,,,,,,,,,,,,,,,,,,,,,81.5,,,,,,,,,96.2,89.1
2002-12-01,,,,,,,,,,,,,90.5,68.2,64.7,75.8,150.8,190.0,116.6,93.4,90.8,130.2,160.2,,138.2,176.6,90.9,22.1,12.3,,,,,,,,,,,,,,,,,,,,,,90.2,,,,,,,,,100.1,99.7
2003-01-01,,,,,,,,,,,,,73.9,61.9,60.9,67.0,108.6,144.4,97.4,82.0,89.4,105.3,114.1,,97.7,126.7,70.6,22.7,14.6,,,,,,,,,,,,,,,,,,,,,,72.8,,,,,,,,,91.0,76.6
2003-02-01,,,,,,,,,,,,,69.6,56.4,55.6,61.8,103.7,123.2,93.0,78.8,84.5,99.9,112.0,,89.6,104.0,68.8,23.8,15.5,,,,,,,,,,,,,,,,,,,,,,68.3,,,,,,,,,84.6,72.6
2003-03-01,,,,,,,,,,,,,77.8,62.7,61.2,67.4,109.4,119.9,100.9,92.1,101.9,102.9,118.7,,116.5,151.4,71.3,26.3,17.2,,,,,,,,,,,,,,,,,,,,,,76.4,,,,,,,,,87.4,82.4
2003-04-01,,,,,,,,,,,,,79.3,62.9,62.1,68.1,108.6,114.1,101.7,96.2,108.7,100.8,124.8,,125.6,189.8,74.5,25.7,16.3,,,,,,,,,,,,,,,,,,,,,,78.3,,,,,,,,,84.9,85.1
2003-05-01,,,,,,,,,,,,,83.3,68.3,67.6,74.2,118.4,123.0,106.1,101.3,113.6,104.3,139.2,,122.8,184.0,86.1,22.6,12.6,,,,,,,,,,,,,,,,,,,,,,82.5,,,,,,,,,86.1,88.1
2003-06-01,,,,,,,,,,,,,76.7,60.5,59.9,66.7,112.7,118.2,96.7,93.6,100.5,94.4,136.5,,113.8,171.4,81.7,20.9,11.2,,,,,,,,,,,,,,,,,,,,,,75.5,,,,,,,,,77.9,81.4
2003-07-01,,,,,,,,,,,,,77.1,63.4,62.9,68.8,109.0,128.2,100.3,94.4,108.8,100.6,140.5,,99.8,151.9,84.4,23.3,14.8,,,,,,,,,,,,,,,,,,,,,,76.2,,,,,,,,,83.4,81.2
2003-08-01,,,,,,,,,,,,,74.5,64.3,64.1,69.7,107.2,119.8,90.5,84.1,101.0,91.9,139.4,,94.6,150.9,78.0,23.9,15.9,,,,,,,,,,,,,,,,,,,,,,73.5,,,,,,,,,71.7,76.0
2003-09-01,,,,,,,,,,,,,76.2,61.6,59.9,65.8,105.8,124.2,93.6,85.7,90.4,95.8,125.3,,122.2,177.9,73.6,25.7,17.0,,,,,,,,,,,,,,,,,,,,,,75.1,,,,,,,,,79.3,81.2
2003-10-01,,,,,,,,,,,,,82.4,67.5,65.0,70.9,110.4,135.4,105.7,95.0,101.5,110.2,127.7,,142.0,186.8,78.7,25.4,16.2,,,,,,,,,,,,,,,,,,,,,,81.5,,,,,,,,,92.2,88.6
2003-11-01,,,,,,,,,,,,,76.3,62.7,60.9,66.9,107.2,138.2,99.7,85.5,91.9,108.3,143.9,,105.2,139.0,78.9,21.6,12.9,,,,,,,,,,,,,,,,,,,,,,75.3,,,,,,,,,85.6,80.9
2003-12-01,,,,,,,,,,,,,87.7,70.2,67.4,76.5,138.7,184.6,110.7,87.6,96.6,127.9,153.3,,125.3,155.8,95.0,21.7,13.1,,,,,,,,,,,,,,,,,,,,,,87.3,,,,,,,,,96.6,94.5
2004-01-01,,,,,,,,,,,,,72.6,63.3,62.9,68.0,102.7,136.5,93.0,78.7,89.2,102.1,106.8,,94.3,124.6,75.0,23.9,16.6,,,,,,,,,,,,,,,,,,,,,,71.6,,,,,,,,,87.1,74.0
2004-02-01,,,,,,,,,,,,,66.6,56.4,56.1,61.2,95.2,117.0,86.9,75.0,79.6,93.4,104.4,,81.2,96.4,69.0,24.0,17.0,,,,,,,,,,,,,,,,,,,,,,65.2,,,,,,,,,78.9,68.0
2004-03-01,,,,,,,,,,,,,75.9,63.1,61.8,66.9,101.2,117.3,99.4,89.8,94.5,104.2,113.9,,108.4,133.5,72.2,27.7,20.0,,,,,,,,,,,,,,,,,,,,,,74.4,,,,,,,,,89.1,79.3
2004-04-01,,,,,,,,,,,,,79.0,65.4,64.8,69.9,104.6,106.7,98.1,94.2,107.1,97.8,125.4,,126.5,181.5,74.4,24.8,16.5,,,,,,,,,,,,,,,,,,,,,,77.8,,,,,,,,,80.7,83.0
2004-05-01,,,,,,,,,,,,,78.7,63.9,63.1,68.4,104.4,108.7,98.7,95.9,111.5,97.3,131.0,,119.0,176.7,81.3,23.0,14.3,,,,,,,,,,,,,,,,,,,,,,77.3,,,,,,,,,78.9,83.2
2004-06-01,,,,,,,,,,,,,78.3,62.8,62.0,67.9,108.2,122.3,99.5,95.4,100.4,98.9,137.4,,114.9,164.9,84.4,22.2,13.4,,,,,,,,,,,,,,,,,,,,,,76.8,,,,,,,,,80.1,82.7
2004-07-01,,,,,,,,,,,,,78.3,66.0,65.6,70.8,105.7,122.1,101.0,94.0,108.0,103.2,142.4,,103.0,147.8,86.3,22.6,14.6,,,,,,,,,,,,,,,,,,,,,,77.0,,,,,,,,,84.4,81.2
2004-08-01,,,,,,,,,,,,,70.6,59.5,59.0,64.0,97.3,110.5,85.5,78.2,97.0,89.6,132.5,,93.2,142.0,74.4,21.3,14.3,,,,,,,,,,,,,,,,,,,,,,68.9,,,,,,,,,70.7,72.2
2004-09-01,,,,,,,,,,,,,75.9,61.8,60.0,65.6,103.3,111.3,91.1,82.2,87.0,96.3,126.1,,123.3,170.6,75.4,26.7,18.9,,,,,,,,,,,,,,,,,,,,,,74.2,,,,,,,,,79.1,80.0
2004-10-01,,,,,,,,,,,,,78.3,64.4,62.3,67.5,102.8,115.6,97.4,86.1,91.4,104.6,119.9,,132.5,170.1,78.9,26.1,17.8,,,,,,,,,,,,,,,,,,,,,,76.7,,,,,,,,,87.7,82.8
2004-11-01,,,,,,,,,,,,,75.1,61.6,59.8,65.3,102.2,119.5,99.8,86.6,91.2,108.5,137.8,,101.2,123.3,79.5,23.7,16.2,,,,,,,,,,,,,,,,,,,,,,73.3,,,,,,,,,86.7,78.6
2004-12-01,,,,,,,,,,,,,88.7,73.4,71.0,80.8,147.5,160.1,110.1,88.5,94.4,126.8,150.2,,126.0,155.9,94.4,21.6,13.3,,,,,,,,,,,,,,,,,,,,,,87.9,,,,,,,,,95.9,92.6
2005-01-01,,,,,,,,,,,,,67.5,58.1,57.1,61.7,92.9,119.3,86.4,73.4,85.5,95.8,99.9,,88.7,106.6,69.5,21.7,15.0,,,,,,,,,,,,,,,,,,,,,,65.7,,,,,,,,,83.1,68.4
2005-02-01,,,,,,,,,,,,,65.0,55.9,55.7,60.4,91.8,102.9,83.4,71.4,79.0,91.5,95.0,,77.2,87.4,68.5,26.1,20.0,,,,,,,,,,,,,,,,,,,,,,63.2,,,,,,,,,78.0,65.1
2005-03-01,,,,,,,,,,,,,76.9,66.1,65.1,70.1,104.3,109.4,95.8,87.2,93.4,100.8,112.4,,112.6,137.2,74.7,26.6,19.2,,,,,,,,,,,,,,,,,,,,,,75.0,,,,,,,,,86.3,78.3
2005-04-01,,,,,,,,,,,,,77.0,63.2,62.6,67.4,100.4,102.3,97.4,96.0,106.2,95.8,119.6,,119.6,166.1,72.1,24.9,17.1,,,,,,,,,,,,,,,,,,,,,,75.0,,,,,,,,,80.1,80.1
2005-05-01,,,,,,,,,,,,,75.7,61.5,61.0,66.4,102.9,103.0,95.4,93.4,105.1,94.5,118.5,,110.7,158.6,75.2,23.1,15.5,,,,,,,,,,,,,,,,,,,,,,73.5,,,,,,,,,78.6,78.3
2005-06-01,,,,,,,,,,,,,79.9,64.1,63.4,69.5,110.7,115.5,99.3,98.1,105.1,96.6,132.8,,119.0,169.8,83.9,23.7,15.2,,,,,,,,,,,,,,,,,,,,,,77.7,,,,,,,,,79.3,83.1
2005-07-01,,,,,,,,,,,,,76.8,63.9,63.3,68.6,104.6,121.5,97.3,91.5,105.0,99.5,136.1,,102.3,146.0,82.6,20.4,13.2,,,,,,,,,,,,,,,,,,,,,,74.6,,,,,,,,,82.5,78.6
2005-08-01,,,,,,,,,,,,,73.2,60.8,60.2,65.1,98.8,116.1,90.4,84.4,100.9,92.8,134.0,,98.3,148.2,71.1,22.0,15.3,,,,,,,,,,,,,,,,,,,,,,71.0,,,,,,,,,76.0,74.9
2005-09-01,,,,,,,,,,,,,78.3,64.5,62.5,67.9,104.5,115.7,93.9,86.4,91.5,97.1,125.7,,120.8,186.5,72.8,25.6,18.2,,,,,,,,,,,,,,,,,,,,,,75.9,,,,,,,,,80.7,81.2
2005-10-01,,,,,,,,,,,,,79.5,63.0,61.0,66.3,102.0,120.2,100.6,91.3,97.3,105.9,117.5,,136.5,184.2,74.3,25.5,17.9,,,,,,,,,,,,,,,,,,,,,,77.1,,,,,,,,,91.1,84.2
2005-11-01,,,,,,,,,,,,,78.9,63.8,61.7,67.1,103.6,126.3,104.4,91.1,94.1,113.7,139.4,,113.0,144.5,79.3,23.6,16.4,,,,,,,,,,,,,,,,,,,,,,76.7,,,,,,,,,92.2,83.1
2005-12-01,,,,,,,,,,,,,92.5,74.2,71.8,81.7,148.6,165.3,114.7,96.0,100.9,129.0,154.9,,138.7,171.0,97.3,23.9,16.2,,,,,,,,,,,,,,,,,,,,,,91.3,,,,,,,,,101.3,97.7
2006-01-01,,,,,,,,,,,,,71.6,59.9,59.0,63.6,94.3,128.3,93.5,80.0,89.7,103.2,105.9,,95.0,113.9,72.5,23.5,16.9,,,,,,,,,,,,,,,,,,,,,,69.2,,,,,,,,,90.4,73.0
2006-02-01,,,,,,,,,,,,,67.9,57.4,57.2,62.1,95.4,114.3,89.5,79.9,84.5,94.9,103.6,,82.3,91.7,69.8,22.8,16.4,,,,,,,,,,,,,,,,,,,,,,65.8,,,,,,,,,83.1,68.3
2006-03-01,,,,,,,,,,,,,80.9,68.5,67.3,72.3,106.1,123.1,106.5,98.6,101.5,110.1,119.6,,111.7,135.3,77.3,26.1,18.5,,,,,,,,,,,,,,,,,,,,,,78.6,,,,,,,,,96.3,82.8
2006-04-01,,,,,,,,,,,,,80.6,64.6,63.8,69.1,105.5,109.8,103.7,101.1,111.2,102.7,125.6,,125.6,178.1,73.7,24.2,16.5,,,,,,,,,,,,,,,,,,,,,,78.2,,,,,,,,,86.4,84.2
2006-05-01,,,,,,,,,,,,,84.8,66.7,65.7,71.0,106.4,121.0,109.0,108.1,120.5,106.3,135.1,,129.6,198.0,82.9,25.8,18.0,,,,,,,,,,,,,,,,,,,,,,82.3,,,,,,,,,90.5,89.8
2006-06-01,,,,,,,,,,,,,84.9,68.7,68.3,74.3,114.5,127.7,106.1,103.9,111.1,103.7,141.0,,122.7,175.0,87.9,25.7,17.5,,,,,,,,,,,,,,,,,,,,,,82.4,,,,,,,,,87.8,87.9
2006-07-01,,,,,,,,,,,,,78.5,64.6,64.4,69.5,104.1,120.7,97.0,94.6,108.0,94.9,149.3,,105.1,138.4,82.1,23.5,16.6,,,,,,,,,,,,,,,,,,,,,,75.8,,,,,,,,,78.9,80.1
2006-08-01,,,,,,,,,,,,,80.0,65.7,64.7,69.4,101.0,126.2,98.7,90.5,107.7,103.1,146.9,,115.9,178.1,75.5,24.5,17.6,,,,,,,,,,,,,,,,,,,,,,77.6,,,,,,,,,88.6,83.0
2006-09-01,,,,,,,,,,,,,81.4,68.4,66.5,71.8,107.5,123.1,99.5,92.3,96.1,102.2,132.2,,124.2,187.4,76.2,25.0,17.1,,,,,,,,,,,,,,,,,,,,,,79.2,,,,,,,,,86.3,84.1
2006-10-01,,,,,,,,,,,,,81.1,63.8,62.0,67.4,103.8,126.2,105.1,96.2,101.7,109.7,124.3,,139.4,192.3,70.6,25.9,18.3,,,,,,,,,,,,,,,,,,,,,,78.8,,,,,,,,,96.4,86.4
2006-11-01,,,,,,,,,,,,,83.0,66.8,64.4,70.1,108.3,132.7,109.2,98.4,102.3,115.8,150.3,,122.4,154.4,82.1,26.1,18.8,,,,,,,,,,,,,,,,,,,,,,81.0,,,,,,,,,96.5,88.2
2006-12-01,,,,,,,,,,,,,94.0,75.0,72.0,81.7,147.3,175.0,115.6,98.3,104.0,127.8,161.9,,144.0,175.9,93.2,24.9,17.2,,,,,,,,,,,,,,,,,,,,,,92.8,,,,,,,,,102.9,100.2
2007-01-01,,,,,,,,,,,,,74.3,63.3,62.4,66.8,96.4,135.8,95.4,82.5,91.3,105.0,110.1,,99.6,112.6,72.7,24.2,17.8,,,,,,,,,,,,,,,,,,,,,,72.0,,,,,,,,,95.7,75.4
2007-02-01,,,,,,,,,,,,,70.9,60.6,60.4,65.0,95.9,117.5,91.9,82.8,87.4,97.0,110.7,,90.0,98.8,70.5,23.6,17.3,,,,,,,,,,,,,,,,,,,,,,68.8,,,,,,,,,87.5,71.3
2007-03-01,,,,,,,,,,,,,86.3,73.3,72.1,76.7,108.3,129.6,108.9,102.9,108.8,110.4,139.4,,130.8,156.8,78.6,26.1,18.7,,,,,,,,,,,,,,,,,,,,,,84.1,,,,,,,,,98.5,88.9
2007-04-01,,,,,,,,,,,,,83.5,65.5,64.7,69.8,104.1,107.2,103.2,105.1,118.7,97.6,137.4,,143.1,205.1,73.4,25.2,17.7,,,,,,,,,,,,,,,,,,,,,,81.1,,,,,,,,,84.5,88.6
2007-05-01,,,,,,,,,,,,,86.7,70.1,69.7,74.6,107.8,128.0,110.7,110.0,122.9,107.7,146.9,,124.9,162.4,84.1,26.8,18.7,,,,,,,,,,,,,,,,,,,,,,84.3,,,,,,,,,93.4,90.7
2007-06-01,,,,,,,,,,,,,89.1,71.8,71.1,76.8,115.2,140.7,108.2,104.9,112.0,107.4,161.2,,134.6,175.0,86.9,28.0,19.8,,,,,,,,,,,,,,,,,,,,,,86.8,,,,,,,,,92.3,93.5
2007-07-01,,,,,,,,,,,,,81.4,64.8,64.1,69.0,102.1,138.5,102.8,96.3,110.5,105.2,151.6,,116.0,143.4,78.6,25.6,18.7,,,,,,,,,,,,,,,,,,,,,,79.1,,,,,,,,,92.9,85.7
2007-08-01,,,,,,,,,,,,,81.9,69.5,69.3,73.8,103.9,125.6,98.4,91.4,107.7,102.5,152.8,,114.9,157.1,76.9,25.5,18.9,,,,,,,,,,,,,,,,,,,,,,79.6,,,,,,,,,88.9,83.6
2007-09-01,,,,,,,,,,,,,83.0,67.3,65.8,70.8,104.6,125.8,97.8,88.7,93.3,103.0,139.1,,145.2,209.3,72.0,26.1,18.8,,,,,,,,,,,,,,,,,,,,,,80.6,,,,,,,,,89.5,87.2
2007-10-01,,,,,,,,,,,,,86.0,69.9,67.4,72.3,105.3,129.0,108.4,97.8,103.0,115.5,138.0,,145.6,181.4,75.9,28.4,21.0,,,,,,,,,,,,,,,,,,,,,,83.6,,,,,,,,,101.0,91.1
2007-11-01,,,,,,,,,,,,,86.7,72.4,70.8,75.7,109.2,139.4,110.2,96.7,100.5,120.4,160.6,,120.4,142.3,83.0,27.9,21.1,,,,,,,,,,,,,,,,,,,,,,84.1,,,,,,,,,99.0,89.7
2007-12-01,,,,,,,,,,,,,97.0,78.7,76.4,85.4,146.9,178.7,115.1,96.0,106.2,130.8,174.2,,145.2,171.2,97.2,26.6,19.8,,,,,,,,,,,,,,,,,,,,,,95.5,,,,,,,,,103.5,102.1
2008-01-01,,,,,,,,,,,,,78.0,67.8,67.2,71.0,96.9,140.9,95.8,80.9,92.0,107.4,115.8,,103.8,113.9,76.2,26.4,20.8,,,,,,,,,,,,,,,,,,,,,,75.3,,,,,,,,,96.3,78.1
2008-02-01,,,,,,,,,,,,,77.9,70.2,70.2,73.8,97.9,116.1,95.7,85.0,93.3,102.4,123.2,,100.1,105.9,73.5,25.4,19.3,,,,,,,,,,,,,,,,,,,,,,75.3,,,,,,,,,90.8,76.3
2008-03-01,,,,,,,,,,,,,84.1,74.2,74.0,78.0,105.3,119.9,104.3,95.8,104.8,110.1,131.6,,119.1,131.5,75.4,25.6,19.0,,,,,,,,,,,,,,,,,,,,,,81.3,,,,,,,,,96.6,83.5
2008-04-01,,,,,,,,,,,,,86.7,71.4,70.4,74.5,102.1,119.7,108.0,104.0,116.3,108.6,144.0,,133.4,172.1,77.3,27.1,20.2,,,,,,,,,,,,,,,,,,,,,,83.8,,,,,,,,,94.6,90.0
2008-05-01,,,,,,,,,,,,,93.6,80.1,80.1,83.7,108.7,125.1,109.3,107.4,126.4,108.0,156.1,,142.1,194.1,85.6,27.5,19.9,,,,,,,,,,,,,,,,,,,,,,90.4,,,,,,,,,92.3,94.8
2008-06-01,,,,,,,,,,,,,86.7,70.9,70.4,74.8,104.8,138.0,100.6,95.3,103.4,102.6,157.0,,124.3,167.7,81.7,26.8,19.5,,,,,,,,,,,,,,,,,,,,,,83.2,,,,,,,,,88.9,88.7
2008-07-01,,,,,,,,,,,,,85.8,73.1,72.6,76.1,100.2,137.6,103.7,95.6,112.9,109.1,162.0,,116.3,144.2,83.9,26.2,19.8,,,,,,,,,,,,,,,,,,,,,,82.7,,,,,,,,,95.9,87.1
2008-08-01,,,,,,,,,,,,,83.6,73.8,73.6,77.1,101.3,128.0,96.1,86.2,104.8,104.2,152.5,,116.2,160.6,75.9,24.4,18.4,,,,,,,,,,,,,,,,,,,,,,80.6,,,,,,,,,89.2,83.0
2008-09-01,,,,,,,,,,,,,84.8,70.7,69.6,73.7,101.1,123.2,96.9,88.2,94.2,102.9,139.0,,141.7,207.2,73.4,27.0,20.5,,,,,,,,,,,,,,,,,,,,,,81.6,,,,,,,,,88.3,86.9
2008-10-01,,,,,,,,,,,,,89.9,78.5,75.9,79.6,104.6,130.1,107.5,96.1,102.6,116.5,141.7,,146.8,184.9,79.7,26.8,20.2,,,,,,,,,,,,,,,,,,,,,,87.2,,,,,,,,,101.7,92.3
2008-11-01,,,,,,,,,,,,,84.5,73.3,71.5,75.6,102.8,135.0,102.6,88.0,94.0,114.8,153.1,,118.0,139.3,76.7,27.2,21.0,,,,,,,,,,,,,,,,,,,,,,82.4,,,,,,,,,93.2,87.0
2008-12-01,,,,,,,,,,,,,98.1,83.8,81.5,89.4,142.9,164.7,110.5,92.4,102.4,125.9,175.2,,138.0,167.3,95.9,28.8,22.6,,,,,,,,,,,,,,,,,,,,,,97.2,,,,,,,,,99.1,102.4
2009-01-01,,,,,,,,,,,,,77.9,74.5,74.1,77.0,96.7,134.8,90.3,75.0,86.0,103.3,117.0,,104.4,116.7,77.5,25.9,21.0,,,,,,,,,,,,,,,,,,,,,,76.2,,,,,,,,,91.5,75.7
2009-02-01,,,,,,,,,,,,,71.6,67.5,67.5,70.4,89.8,107.9,86.7,75.5,82.7,95.9,110.6,,90.6,100.1,68.7,24.5,19.6,,,,,,,,,,,,,,,,,,,,,,69.5,,,,,,,,,83.7,69.0
2009-03-01,,,,,,,,,,,,,79.6,73.6,73.2,76.0,95.4,108.6,95.6,87.7,97.6,101.5,121.6,,113.8,132.3,73.5,26.4,20.5,,,,,,,,,,,,,,,,,,,,,,77.3,,,,,,,,,89.4,78.1
2009-04-01,,,,,,,,,,,,,84.4,76.2,75.7,78.7,99.7,99.2,98.9,98.3,113.6,97.9,132.7,,136.4,188.6,76.7,25.7,19.6,,,,,,,,,,,,,,,,,,,,,,82.4,,,,,,,,,84.4,84.8
2009-05-01,,,,,,,,,,,,,85.5,77.7,77.4,80.8,103.9,112.2,97.4,95.0,112.3,98.2,140.4,,124.4,163.6,83.5,26.2,19.7,,,,,,,,,,,,,,,,,,,,,,83.3,,,,,,,,,83.6,85.0
2009-06-01,,,,,,,,,,,,,82.9,74.3,73.8,77.4,102.0,109.0,93.3,88.2,99.0,96.9,146.1,,120.4,163.6,83.9,26.8,20.4,,,,,,,,,,,,,,,,,,,,,,80.5,,,,,,,,,82.1,82.6
2009-07-01,,,,,,,,,,,,,83.1,75.2,74.7,77.9,99.9,117.8,96.3,89.2,106.8,102.1,153.3,,115.9,147.8,86.1,26.4,20.5,,,,,,,,,,,,,,,,,,,,,,80.9,,,,,,,,,88.7,83.0
2009-08-01,,,,,,,,,,,,,76.4,72.1,72.1,74.9,94.2,108.8,83.7,74.7,93.1,91.5,138.7,,99.3,137.4,77.5,21.8,16.8,,,,,,,,,,,,,,,,,,,,,,74.0,,,,,,,,,77.3,73.5
2009-09-01,,,,,,,,,,,,,80.2,71.7,70.6,73.9,96.4,112.4,88.2,78.5,88.6,96.3,130.2,,131.6,197.2,75.2,25.2,20.0,,,,,,,,,,,,,,,,,,,,,,78.0,,,,,,,,,81.3,80.7
2009-10-01,,,,,,,,,,,,,85.9,78.1,76.0,79.1,99.6,119.0,96.8,82.5,91.3,109.6,128.9,,147.8,192.5,79.6,27.8,22.0,,,,,,,,,,,,,,,,,,,,,,83.8,,,,,,,,,94.4,87.0
2009-11-01,,,,,,,,,,,,,79.1,71.5,70.0,73.4,96.8,120.6,92.2,77.7,82.1,105.6,140.7,,106.3,123.6,76.8,28.1,22.9,,,,,,,,,,,,,,,,,,,,,,76.8,,,,,,,,,86.1,79.0
2009-12-01,,,,,,,,,,,,,95.1,86.0,83.5,90.3,136.0,157.8,102.9,83.2,95.8,120.6,167.4,,134.1,171.3,99.0,30.0,24.3,,,,,,,,,,,,,,,,,,,,,,94.0,,,,,,,,,94.6,96.5
2010-01-01,,,,,,,,,,,,,74.2,72.7,72.3,74.1,86.2,130.1,81.2,65.3,76.0,95.2,101.4,,97.1,113.9,80.6,25.8,21.9,,,,,,,,,,,,,,,,,,,,,,72.0,,,,,,,,,83.5,70.8
2010-02-01,,,,,,,,,,,,,69.1,67.1,67.2,69.4,84.5,102.6,77.9,65.1,73.1,89.2,99.7,,88.2,89.2,69.6,25.5,21.3,,,,,,,,,,,,,,,,,,,,,,66.9,,,,,,,,,78.5,65.3
2010-03-01,,,,,,,,,,,,,81.8,76.1,75.5,78.1,95.6,107.0,92.1,81.4,90.0,101.9,122.7,,121.2,134.1,76.8,29.2,24.2,,,,,,,,,,,,,,,,,,,,,,79.1,,,,,,,,,88.0,79.8
2010-04-01,,,,,,,,,,,,,83.6,77.7,77.1,79.6,96.7,95.9,93.6,91.2,111.0,95.0,129.5,,127.9,160.0,74.9,27.8,23.3,,,,,,,,,,,,,,,,,,,,,,81.0,,,,,,,,,80.8,82.1
2010-05-01,,,,,,,,,,,,,83.5,77.1,77.0,79.3,95.1,107.1,92.7,87.5,106.9,97.0,133.3,,120.0,147.4,79.3,27.3,22.4,,,,,,,,,,,,,,,,,,,,,,80.9,,,,,,,,,82.3,81.9
2010-06-01,,,,,,,,,,,,,84.2,76.3,75.8,79.0,100.7,118.4,88.7,82.2,95.2,93.2,138.9,,126.2,162.1,85.6,29.4,24.2,,,,,,,,,,,,,,,,,,,,,,81.6,,,,,,,,,77.0,83.4
2010-07-01,,,,,,,,,,,,,83.4,79.0,78.5,80.9,96.9,121.9,91.3,82.8,102.4,98.1,145.9,,114.6,143.3,86.7,26.4,21.7,,,,,,,,,,,,,,,,,,,,,,81.1,,,,,,,,,82.4,81.3
2010-08-01,,,,,,,,,,,,,77.0,72.1,71.5,73.6,87.6,120.7,83.3,70.9,91.0,94.9,125.4,,105.8,147.9,74.4,26.9,22.7,,,,,,,,,,,,,,,,,,,,,,74.6,,,,,,,,,80.7,75.3
2010-09-01,,,,,,,,,,,,,82.3,75.6,73.3,76.0,93.9,118.5,86.1,74.4,86.1,95.7,117.9,,138.4,203.1,77.4,28.4,23.7,,,,,,,,,,,,,,,,,,,,,,79.8,,,,,,,,,79.7,82.4
2010-10-01,,,,,,,,,,,,,84.1,77.9,75.6,78.1,95.3,120.5,91.7,77.4,89.0,104.7,122.6,,140.2,179.3,78.2,27.8,23.2,,,,,,,,,,,,,,,,,,,,,,81.6,,,,,,,,,88.6,84.0
2010-11-01,,,,,,,,,,,,,82.5,75.9,73.8,76.7,96.4,122.3,92.3,76.9,85.6,106.2,141.1,,114.4,147.2,81.7,30.6,26.1,,,,,,,,,,,,,,,,,,,,,,80.0,,,,,,,,,84.1,82.3
2010-12-01,,,,,,,,,,,,,95.3,89.3,86.7,93.0,135.3,156.3,98.9,80.0,93.8,115.8,157.0,,128.6,171.2,98.1,32.1,27.1,,,,,,,,,,,,,,,,,,,,,,93.6,,,,,,,,,89.3,94.1
2011-01-01,,,,,,,,,,,,,74.5,71.9,71.2,72.7,82.9,134.0,80.3,63.1,75.1,95.7,97.9,,96.4,117.7,75.5,27.9,24.1,,,,,,,,,,,,,,,,,,,,,,71.5,,,,,,,,,83.8,70.8
2011-02-01,,,,,,,,,,,,,71.1,69.1,69.0,71.0,84.2,103.3,79.1,67.7,77.5,89.4,100.7,,88.8,103.7,72.1,25.4,21.4,,,,,,,,,,,,,,,,,,,,,,68.2,,,,,,,,,77.2,66.4
2011-03-01,,,,,,,,,,,,,82.6,79.1,78.4,80.3,92.9,104.4,91.6,84.4,96.5,97.9,118.0,,118.2,142.7,77.7,28.8,23.7,,,,,,,,,,,,,,,,,,,,,,79.4,,,,,,,,,83.8,78.9
2011-04-01,,,,,,,,,,,,,86.2,81.9,81.2,83.3,97.7,93.9,93.6,93.2,113.7,93.5,123.4,,132.7,187.4,78.6,28.1,23.1,,,,,,,,,,,,,,,,,,,,,,83.2,,,,,,,,,77.9,83.2
2011-05-01,,,,,,,,,,,,,83.9,77.2,76.6,78.9,94.2,107.9,91.5,88.9,102.5,92.9,129.0,,118.7,153.6,83.8,29.0,23.8,,,,,,,,,,,,,,,,,,,,,,80.7,,,,,,,,,77.6,81.9
2011-06-01,,,,,,,,,,,,,83.9,79.1,78.5,80.9,97.1,115.7,88.3,83.6,97.0,91.5,133.0,,118.7,159.4,85.1,28.5,23.1,,,,,,,,,,,,,,,,,,,,,,81.0,,,,,,,,,76.2,81.1
2011-07-01,,,,,,,,,,,,,82.8,78.2,76.9,78.7,91.1,125.2,89.2,79.9,97.4,96.9,134.1,,116.7,150.3,83.2,27.6,22.9,,,,,,,,,,,,,,,,,,,,,,80.0,,,,,,,,,82.6,80.9
2011-08-01,,,,,,,,,,,,,78.8,75.9,75.3,76.7,86.4,118.4,84.1,72.4,90.8,94.3,119.9,,107.0,155.4,79.6,27.5,23.5,,,,,,,,,,,,,,,,,,,,,,76.1,,,,,,,,,79.7,75.8
2011-09-01,,,,,,,,,,,,,81.1,78.5,76.6,78.5,91.9,108.9,83.3,73.1,83.4,91.8,114.0,,121.7,179.2,76.1,28.5,23.8,,,,,,,,,,,,,,,,,,,,,,78.1,,,,,,,,,76.2,77.8
2011-10-01,,,,,,,,,,,,,82.4,78.3,76.3,78.0,89.8,113.3,87.5,75.7,87.7,98.3,112.8,,132.9,183.3,76.8,27.3,22.9,,,,,,,,,,,,,,,,,,,,,,79.3,,,,,,,,,82.8,80.2
2011-11-01,,,,,,,,,,,,,83.2,78.4,76.1,78.5,94.5,121.0,89.1,74.5,82.5,102.5,133.9,,114.9,147.2,83.0,30.7,27.0,,,,,,,,,,,,,,,,,,,,,,80.2,,,,,,,,,79.6,81.4
2011-12-01,,,,,,,,,,,,,96.2,90.8,87.4,93.3,133.7,151.5,98.5,79.5,96.2,116.2,145.0,,134.7,168.3,99.2,30.8,26.8,,,,,,,,,,,,,,,,,,,,,,94.2,,,,,,,,,88.2,94.9
2012-01-01,,,,,,,,,,,,,75.0,74.3,73.5,74.4,80.7,129.8,79.5,63.0,75.8,94.7,92.7,,96.6,116.1,78.3,29.6,26.5,,,,,,,,,,,,,,,,,,,,,,72.0,,,,,,,,,81.3,70.4
2012-02-01,,,,,,,,,,,,,71.6,73.6,73.6,74.7,82.2,99.2,73.9,62.2,71.9,84.5,96.2,,85.3,106.8,75.9,27.3,23.9,,,,,,,,,,,,,,,,,,,,,,68.6,,,,,,,,,71.2,64.6
2012-03-01,,,,,,,,,,,,,84.5,83.1,82.3,83.7,93.3,106.2,85.9,77.9,93.2,93.2,116.0,,127.1,169.7,79.5,28.9,24.9,,,,,,,,,,,,,,,,,,,,,,81.3,,,,,,,,,78.7,79.8
2012-04-01,,,,,,,,,,,,,78.6,77.3,76.6,78.2,89.6,94.6,81.5,77.0,96.2,85.5,107.4,,110.3,130.6,76.7,27.9,24.0,,,,,,,,,,,,,,,,,,,,,,75.4,,,,,,,,,71.3,73.5
2012-05-01,,,,,,,,,,,,,85.2,82.6,82.0,83.5,93.9,109.4,86.4,82.0,100.0,90.2,117.8,,122.2,157.4,86.9,30.2,25.7,,,,,,,,,,,,,,,,,,,,,,82.1,,,,,,,,,74.0,81.2
2012-06-01,,,,,,,,,,,,,84.8,82.8,82.0,84.1,98.8,123.5,84.2,77.4,90.4,89.6,128.8,,117.1,166.1,89.7,29.7,25.5,,,,,,,,,,,,,,,,,,,,,,82.2,,,,,,,,,73.3,81.0
2012-07-01,,,,,,,,,,,,,79.3,77.2,76.0,77.6,88.3,114.2,82.9,76.2,94.2,88.3,122.7,,106.6,139.6,84.1,29.2,25.6,,,,,,,,,,,,,,,,,,,,,,76.6,,,,,,,,,74.2,76.1
2012-08-01,,,,,,,,,,,,,79.0,81.1,80.9,82.0,89.5,109.1,77.4,68.8,87.2,85.7,119.0,,98.6,142.2,82.5,27.7,24.2,,,,,,,,,,,,,,,,,,,,,,76.0,,,,,,,,,70.7,72.2
2012-09-01,,,,,,,,,,,,,81.0,78.1,76.7,78.1,88.1,116.3,80.6,72.6,82.6,87.8,110.3,,128.1,192.7,78.1,29.0,25.6,,,,,,,,,,,,,,,,,,,,,,78.0,,,,,,,,,73.0,78.0
2012-10-01,,,,,,,,,,,,,81.3,81.2,78.4,79.5,86.5,102.9,79.8,67.3,79.3,92.1,103.9,,129.0,168.1,80.4,30.1,26.9,,,,,,,,,,,,,,,,,,,,,,78.3,,,,,,,,,76.4,77.5
2012-11-01,,,,,,,,,,,,,80.8,81.5,79.6,81.1,91.2,110.0,79.5,64.9,73.9,93.7,120.5,,106.8,130.0,83.6,31.5,28.4,,,,,,,,,,,,,,,,,,,,,,78.0,,,,,,,,,72.6,76.0
2012-12-01,,,,,,,,,,,,,91.4,90.8,87.6,92.1,122.9,138.8,84.9,68.1,86.2,101.3,130.4,,126.8,163.8,97.5,32.0,28.8,,,,,,,,,,,,,,,,,,,,,,89.8,,,,,,,,,75.4,88.3
2013-01-01,,,,,,,,,,,,,74.1,78.4,77.8,78.0,79.3,121.9,73.4,59.1,72.5,87.3,88.9,79.2,90.0,113.4,81.1,30.5,28.0,,,,,,,,,,,,,,,,,,,,,,71.6,,,,,,,,,74.0,67.4
2013-02-01,,,,,,,,,,,,,67.7,72.7,72.4,73.1,77.9,89.8,66.6,54.8,64.1,78.0,82.7,70.5,78.9,87.8,72.8,27.3,24.7,,,,,,,,,,,,,,,,,,,,,,65.0,,,,,,,,,66.4,59.8
2013-03-01,,,,,,,,,,,,,79.4,86.4,85.7,86.3,90.4,99.1,74.3,64.1,74.6,84.4,101.6,88.2,105.5,114.3,78.8,29.5,26.3,,,,,,,,,,,,,,,,,,,,,,76.8,,,,,,,,,71.5,70.6
2013-04-01,,,,,,,,,,,,,77.6,78.1,77.2,78.2,85.5,86.5,77.8,74.5,94.2,80.8,103.7,94.6,111.1,136.9,76.7,30.3,26.9,,,,,,,,,,,,,,,,,,,,,,74.9,,,,,,,,,67.7,72.8
2013-05-01,,,,,,,,,,,,,83.9,86.4,85.9,86.7,92.3,99.2,80.7,75.6,93.0,85.4,119.2,102.3,115.1,143.9,85.4,31.9,28.3,,,,,,,,,,,,,,,,,,,,,,81.6,,,,,,,,,70.7,78.3
2013-06-01,,,,,,,,,,,,,80.7,81.6,80.5,81.8,91.3,102.9,75.5,69.9,84.0,80.1,121.8,98.6,114.6,150.1,84.6,31.1,27.6,,,,,,,,,,,,,,,,,,,,,,78.5,,,,,,,,,65.7,76.4
2013-07-01,,,,,,,,,,,,,79.5,82.2,81.0,81.9,88.2,98.4,76.2,70.7,91.5,81.4,120.7,91.8,105.8,128.9,84.6,32.3,29.2,,,,,,,,,,,,,,,,,,,,,,77.2,,,,,,,,,67.1,74.1
2013-08-01,,,,,,,,,,,,,77.9,84.0,83.5,84.1,88.4,101.4,72.6,62.0,79.4,83.9,117.1,86.2,95.3,129.4,81.8,29.8,26.9,,,,,,,,,,,,,,,,,,,,,,75.8,,,,,,,,,69.3,70.4
2013-09-01,,,,,,,,,,,,,75.8,76.5,74.9,76.1,83.9,95.0,70.0,62.6,74.2,77.1,102.2,92.9,116.7,163.8,74.5,32.0,28.6,,,,,,,,,,,,,,,,,,,,,,73.4,,,,,,,,,63.8,71.7
2013-10-01,,,,,,,,,,,,,80.4,82.5,80.1,81.0,87.2,98.4,77.0,65.6,74.1,88.6,99.6,98.4,125.6,162.1,79.3,33.3,29.7,,,,,,,,,,,,,,,,,,,,,,78.1,,,,,,,,,74.2,76.2
2013-11-01,,,,,,,,,,,,,80.2,82.7,80.3,81.8,92.3,106.6,77.5,64.6,73.2,89.9,114.5,92.7,108.7,131.4,83.9,33.7,30.6,,,,,,,,,,,,,,,,,,,,,,78.2,,,,,,,,,69.8,76.0
2013-12-01,,,,,,,,,,,,,89.0,89.7,86.5,90.8,120.5,133.4,81.3,65.5,81.0,96.8,122.8,110.2,122.9,144.6,96.4,37.8,34.7,,,,,,,,,,,,,,,,,,,,,,87.9,,,,,,,,,74.1,86.1
2014-01-01,,,,,,,,,,,,,75.0,80.4,79.7,80.1,82.6,120.7,73.3,59.4,72.1,87.2,84.0,80.3,93.3,111.3,79.9,33.7,30.4,,,,,,,,,,,,,,,,,,,,,,73.1,,,,,,,,,74.1,68.6
2014-02-01,,,,,,,,,,,,,68.0,73.5,73.1,73.7,78.4,97.4,67.5,58.5,67.5,75.9,81.0,70.0,77.3,86.4,71.7,30.4,27.2,,,,,,,,,,,,,,,,,,,,,,66.1,,,,,,,,,65.5,61.1
2014-03-01,,,,,,,,,,,,,77.9,82.4,81.9,82.4,86.0,99.1,75.5,69.5,84.1,81.2,99.1,89.4,105.1,126.1,77.0,32.9,29.4,,,,,,,,,,,,,,,,,,,,,,75.9,,,,,,,,,69.1,71.7
2014-04-01,,,,,,,,,,,,,80.1,83.7,82.4,83.2,88.5,93.5,77.7,75.1,95.1,80.0,103.9,95.5,112.8,138.3,78.0,34.1,30.5,,,,,,,,,,,,,,,,,,,,,,78.2,,,,,,,,,66.3,75.0
2014-05-01,,,,,,,,,,,,,84.6,88.6,87.4,88.1,92.8,100.8,79.7,75.1,92.3,84.3,114.2,102.8,117.6,151.6,87.4,34.7,30.9,,,,,,,,,,,,,,,,,,,,,,82.7,,,,,,,,,69.6,79.3
2014-06-01,,,,,,,,,,,,,79.3,82.3,81.3,82.7,92.6,97.4,72.3,68.6,82.9,75.5,114.0,93.3,107.1,139.9,85.7,34.2,30.5,,,,,,,,,,,,,,,,,,,,,,77.3,,,,,,,,,62.3,73.8
2014-07-01,,,,,,,,,,,,,79.9,84.5,83.2,83.9,89.2,99.1,75.8,70.5,89.3,80.6,117.3,91.2,103.9,128.9,88.4,34.8,31.4,,,,,,,,,,,,,,,,,,,,,,78.1,,,,,,,,,67.6,74.4
2014-08-01,,,,,,,,,,,,,77.5,82.7,81.6,82.1,85.8,105.3,73.0,61.4,82.3,85.5,109.5,88.6,102.1,140.3,81.1,33.1,30.2,,,,,,,,,,,,,,,,,,,,,,76.1,,,,,,,,,72.5,72.2
2014-09-01,,,,,,,,,,,,,75.7,79.0,78.1,79.0,86.0,99.3,71.5,65.4,77.0,77.2,97.5,85.6,101.9,131.4,75.1,34.9,31.7,,,,,,,,,,,,,,,,,,,,,,73.6,,,,,,,,,64.4,70.1
2014-10-01,,,,,,,,,,,,,82.3,85.7,83.5,84.0,87.3,108.5,78.9,68.8,77.3,89.0,101.1,98.8,124.2,151.0,83.5,36.2,32.9,,,,,,,,,,,,,,,,,,,,,,80.5,,,,,,,,,76.1,78.2
2014-11-01,,,,,,,,,,,,,79.8,82.5,79.9,81.0,88.4,107.4,77.7,65.5,73.4,90.6,116.0,92.3,107.6,126.6,84.0,36.9,34.0,,,,,,,,,,,,,,,,,,,,,,78.4,,,,,,,,,73.0,76.8
2014-12-01,,,,,,,,,,,,,91.5,93.8,90.4,94.3,121.2,137.6,84.1,68.5,83.2,99.9,127.9,111.3,121.4,144.2,98.3,42.9,39.9,,,,,,,,,,,,,,,,,,,,,,91.3,,,,,,,,,77.9,89.3
2015-01-01,,,,,,,,,,,,,75.8,83.6,82.6,82.8,84.0,125.4,73.6,59.0,70.3,88.5,81.0,81.1,91.9,105.3,83.2,36.1,33.4,,,,,,,,,,,,,,,,,,,,,,74.9,,,,,,,,,76.9,69.8
2015-02-01,,,,,,,,,,,,,69.0,75.5,74.8,75.4,79.7,93.5,68.2,58.5,65.7,77.8,80.1,72.8,78.8,86.3,76.0,32.7,30.1,,,,,,,,,,,,,,,,,,,,,,67.7,,,,,,,,,68.4,62.6
2015-03-01,,,,,,,,,,,,,77.6,82.6,81.8,82.3,85.7,93.1,77.0,69.4,77.9,84.9,91.1,87.2,99.2,112.3,79.7,37.1,33.9,,,,,,,,,,,,,,,,,,,,,,75.9,,,,,,,,,75.1,71.7
2015-04-01,,,,,,,,,,,,,81.4,85.4,84.2,84.9,89.4,85.8,79.7,77.1,92.9,82.7,101.0,98.9,114.2,141.8,82.6,37.1,34.0,,,,,,,,,,,,,,,,,,,,,,79.9,,,,,,,,,71.5,76.7
2015-05-01,,,,,,,,,,,,,83.4,88.1,87.1,87.6,91.3,96.8,81.1,77.6,94.5,85.1,108.0,99.9,109.9,136.5,88.9,36.7,33.5,,,,,,,,,,,,,,,,,,,,,,82.0,,,,,,,,,73.5,78.4
2015-06-01,,,,,,,,,,,,,83.3,86.1,84.3,85.4,93.4,98.7,80.3,78.0,84.0,82.2,111.1,99.1,111.4,141.2,90.2,39.8,36.4,,,,,,,,,,,,,,,,,,,,,,81.8,,,,,,,,,70.2,79.4
2015-07-01,,,,,,,,,,,,,82.6,86.9,85.0,85.7,90.4,103.6,80.5,73.4,90.1,87.6,113.2,94.8,107.5,126.8,91.3,39.6,36.4,,,,,,,,,,,,,,,,,,,,,,81.3,,,,,,,,,75.7,78.4
2015-08-01,,,,,,,,,,,,,76.8,83.4,82.5,83.1,87.5,100.7,71.4,61.8,79.5,81.2,102.7,84.3,91.8,116.9,83.6,37.4,34.3,,,,,,,,,,,,,,,,,,,,,,75.6,,,,,,,,,70.5,70.8
2015-09-01,,,,,,,,,,,,,79.1,82.4,80.8,81.6,87.7,97.6,75.3,67.9,77.0,82.3,94.8,94.7,115.7,142.1,81.3,40.7,37.7,,,,,,,,,,,,,,,,,,,,,,78.1,,,,,,,,,71.2,75.8
2015-10-01,,,,,,,,,,,,,84.2,89.4,86.3,87.1,93.1,103.4,82.2,71.5,80.8,93.3,95.2,100.5,125.8,144.5,84.7,40.7,37.7,,,,,,,,,,,,,,,,,,,,,,83.3,,,,,,,,,81.1,80.7
2015-11-01,,,,,,,,,,,,,78.8,81.8,79.4,80.7,90.4,104.1,77.5,65.6,73.3,89.3,103.7,86.5,96.1,105.4,82.6,44.0,41.5,,,,,,,,,,,,,,,,,,,,,,77.7,,,,,,,,,74.6,75.7
2015-12-01,,,,,,,,,,,,,94.5,96.4,92.6,97.2,129.7,134.0,87.1,70.6,84.9,103.6,123.8,116.0,124.5,136.7,104.4,50.8,47.7,,,,,,,,,,,,,,,,,,,,,,95.0,,,,,,,,,82.7,93.5
2016-01-01,,,,,,,,,,,,,74.8,82.4,81.0,81.0,80.9,119.4,71.8,58.2,70.3,85.5,79.0,79.1,90.3,96.9,83.1,41.7,39.2,,,,,,,,,,,,,,,,,,,,,,74.3,,,,,,,,,76.6,69.9
2016-02-01,,,,,,,,,,,,,71.0,77.9,77.6,78.3,83.2,89.5,71.6,61.7,69.1,81.8,80.6,73.0,79.1,81.4,78.9,39.5,36.6,,,,,,,,,,,,,,,,,,,,,,70.3,,,,,,,,,73.4,65.1
2016-03-01,,,,,,,,,,,,,80.9,88.5,88.0,88.6,92.6,88.5,79.9,70.7,81.4,90.0,94.1,88.4,101.5,99.8,84.3,44.1,40.9,,,,,,,,,,,,,,,,,,,,,,80.2,,,,,,,,,80.5,74.7
2016-04-01,,,,,,,,,,,,,81.7,85.8,84.9,85.7,90.9,86.4,82.2,79.0,97.8,86.2,101.0,96.6,113.4,120.1,84.2,42.9,39.8,,,,,,,,,,,,,,,,,,,,,,81.0,,,,,,,,,77.3,77.9
2016-05-01,,,,,,,,,,,,,83.3,86.5,86.0,86.7,92.1,88.8,81.8,78.9,97.5,84.8,103.9,100.7,115.6,130.6,87.5,43.9,40.8,,,,,,,,,,,,,,,,,,,,,,82.4,,,,,,,,,75.9,79.6
2016-06-01,,,,,,,,,,,,,85.1,87.9,86.6,87.7,95.5,99.6,82.1,76.8,88.2,87.5,111.5,100.1,115.9,126.7,94.1,46.7,43.4,,,,,,,,,,,,,,,,,,,,,,84.2,,,,,,,,,77.9,81.9
2016-07-01,,,,,,,,,,,,,83.4,87.1,85.6,86.5,92.7,97.1,81.1,76.8,94.7,85.2,114.6,97.2,115.2,121.6,91.2,44.9,42.0,,,,,,,,,,,,,,,,,,,,,,82.7,,,,,,,,,76.5,80.3
2016-08-01,,,,,,,,,,,,,78.3,84.4,83.8,84.5,88.8,96.1,75.0,65.1,85.4,85.5,100.9,84.8,94.9,106.4,84.5,44.3,41.5,,,,,,,,,,,,,,,,,,,,,,77.5,,,,,,,,,78.1,73.0
2016-09-01,,,,,,,,,,,,,80.4,85.2,84.9,85.9,92.5,96.4,76.6,71.9,81.2,81.4,97.2,89.9,105.9,112.9,82.7,45.8,42.4,,,,,,,,,,,,,,,,,,,,,,79.4,,,,,,,,,72.9,75.3
2016-10-01,,,,,,,,,,,,,85.3,86.5,84.3,84.9,89.2,101.9,83.5,74.0,83.7,93.7,94.8,107.5,141.0,151.7,84.8,47.2,44.2,,,,,,,,,,,,,,,,,,,,,,84.5,,,,,,,,,85.1,84.2
2016-11-01,,,,,,,,,,,,,84.4,86.2,83.6,84.6,91.4,107.1,83.7,73.3,79.1,94.5,106.7,94.7,109.8,108.4,90.0,53.7,51.3,,,,,,,,,,,,,,,,,,,,,,83.6,,,,,,,,,81.9,82.9
2016-12-01,,,,,,,,,,,,,98.4,99.5,96.0,100.8,134.8,136.1,91.2,75.0,87.3,107.5,118.7,118.9,132.2,127.9,105.4,58.2,55.4,,,,,,,,,,,,,,,,,,,,,,98.6,,,,,,,,,89.5,97.2
2017-01-01,,,,,,,,,,,,,77.6,82.8,81.9,81.9,82.1,119.8,76.4,64.0,74.3,89.1,76.2,81.2,93.0,91.4,83.7,48.3,45.9,,,,,,,,,,,,,,,,,,,,,,76.4,,,,,,,,,84.5,72.9
2017-02-01,,,,,,,,,,,,,72.4,78.6,78.3,78.8,82.0,82.9,74.1,66.0,71.5,82.4,75.7,73.1,79.3,78.1,75.4,44.8,42.4,,,,,,,,,,,,,,,,,,,,,,71.2,,,,,,,,,76.4,66.3
2017-03-01,,,,,,,,,,,,,85.1,90.1,89.6,89.9,91.8,85.2,86.9,80.7,89.8,93.8,99.0,95.5,109.3,112.4,82.6,49.1,46.1,,,,,,,,,,,,,,,,,,,,,,83.9,,,,,,,,,87.3,80.1
2017-04-01,,,,,,,,,,,,,84.1,88.1,87.3,87.8,91.3,78.0,85.0,83.0,102.6,87.8,100.8,99.2,115.3,120.0,83.9,47.4,44.7,,,,,,,,,,,,,,,,,,,,,,83.2,,,,,,,,,81.5,80.2
2017-05-01,,,,,,,,,,,,,88.3,91.4,90.5,90.8,92.7,88.7,87.9,85.4,100.6,90.5,105.6,104.5,117.1,135.7,91.5,52.7,49.6,,,,,,,,,,,,,,,,,,,,,,87.4,,,,,,,,,83.3,85.1
2017-06-01,,,,,,,,,,,,,89.0,93.1,91.8,92.7,98.8,92.3,86.5,84.4,98.5,88.5,116.7,102.4,117.5,128.2,95.0,53.1,50.0,,,,,,,,,,,,,,,,,,,,,,88.3,,,,,,,,,81.3,85.5
2017-07-01,,,,,,,,,,,,,85.8,88.2,86.6,87.1,91.0,97.5,86.4,81.0,98.6,92.3,116.1,98.0,112.3,117.5,91.6,52.5,50.0,,,,,,,,,,,,,,,,,,,,,,85.2,,,,,,,,,85.9,84.0
2017-08-01,,,,,,,,,,,,,82.5,87.9,87.2,87.6,89.9,95.0,80.6,70.8,89.8,91.3,104.1,90.5,100.8,113.3,87.6,51.1,48.6,,,,,,,,,,,,,,,,,,,,,,81.9,,,,,,,,,85.1,78.3
2017-09-01,,,,,,,,,,,,,85.6,88.9,87.6,88.3,93.2,97.9,82.6,75.8,85.9,89.5,97.2,99.2,119.8,139.3,84.2,53.3,50.7,,,,,,,,,,,,,,,,,,,,,,84.7,,,,,,,,,83.1,82.3
2017-10-01,,,,,,,,,,,,,85.6,88.1,86.1,86.4,88.6,97.0,85.9,76.8,85.4,95.9,89.0,99.4,122.0,127.9,84.3,54.3,51.8,,,,,,,,,,,,,,,,,,,,,,84.5,,,,,,,,,90.3,83.3
2017-11-01,,,,,,,,,,,,,89.6,90.7,88.0,88.5,92.0,113.7,89.0,78.8,85.2,99.3,103.9,100.2,111.5,114.8,94.9,62.8,60.6,,,,,,,,,,,,,,,,,,,,,,88.6,,,,,,,,,90.6,88.8
2017-12-01,,,,,,,,,,,,,100.1,102.3,98.3,102.5,131.7,129.4,89.9,75.8,90.4,104.4,112.0,119.5,128.2,131.1,103.7,66.9,64.5,,,,,,,,,,,,,,,,,,,,,,100.3,,,,,,,,,92.2,99.0
2018-01-01,,,,,,,,,,,,,81.6,86.2,85.0,84.5,81.3,117.2,80.8,68.7,79.5,93.5,78.2,84.7,95.1,87.8,86.6,56.9,54.8,,,,,,,,,,,,,,,,,,,,,,80.3,,,,,,,,,88.8,77.7
2018-02-01,,,,,,,,,,,,,74.6,81.4,80.9,80.9,80.8,77.9,74.1,66.4,73.3,83.0,77.1,75.2,80.8,74.6,79.0,50.1,47.8,,,,,,,,,,,,,,,,,,,,,,73.4,,,,,,,,,80.1,68.5
2018-03-01,,,,,,,,,,,,,88.3,95.7,95.0,94.8,93.4,87.3,87.7,80.1,89.7,96.7,92.2,94.7,104.7,95.8,88.3,56.9,54.3,,,,,,,,,,,,,,,,,,,,,,87.1,,,,,,,,,93.9,82.1
2018-04-01,,,,,,,,,,,,,86.6,89.2,88.1,87.9,86.3,73.8,86.7,87.8,109.3,86.8,98.4,103.4,119.2,131.1,83.0,55.5,52.9,,,,,,,,,,,,,,,,,,,,,,85.5,,,,,,,,,83.8,83.9
2018-05-01,,,,,,,,,,,,,92.7,96.6,96.0,95.8,94.2,86.5,89.9,91.0,110.1,89.5,108.3,107.6,116.4,128.0,94.7,59.1,55.7,,,,,,,,,,,,,,,,,,,,,,91.3,,,,,,,,,85.5,88.4
2018-06-01,,,,,,,,,,,,,93.2,97.6,95.9,96.3,98.8,94.0,86.8,86.2,98.9,88.0,115.5,106.7,119.0,125.6,99.6,60.0,57.3,,,,,,,,,,,,,,,,,,,,,,92.0,,,,,,,,,83.0,89.2
2018-07-01,,,,,,,,,,,,,88.8,92.3,90.3,90.1,88.9,93.5,83.8,81.9,99.5,86.2,114.8,98.4,111.3,109.9,95.6,59.9,57.1,,,,,,,,,,,,,,,,,,,,,,87.3,,,,,,,,,82.3,85.5
2018-08-01,,,,,,,,,,,,,86.8,93.8,92.6,92.0,88.0,98.8,80.3,72.4,90.3,89.4,109.9,93.3,103.7,115.1,90.3,56.9,54.7,,,,,,,,,,,,,,,,,,,,,,85.7,,,,,,,,,85.4,81.6
2018-09-01,,,,,,,,,,,,,85.8,89.3,88.0,88.4,91.1,93.3,80.7,76.4,89.2,85.6,92.3,96.7,115.1,122.0,82.5,57.2,54.5,,,,,,,,,,,,,,,,,,,,,,84.3,,,,,,,,,81.7,81.6
2018-10-01,,,,,,,,,,,,,90.8,92.5,90.7,90.8,91.1,99.1,89.2,82.8,91.5,96.6,92.4,103.7,124.9,126.6,86.7,61.8,59.0,,,,,,,,,,,,,,,,,,,,,,89.0,,,,,,,,,92.7,87.8
2018-11-01,,,,,,,,,,,,,94.0,95.0,91.7,92.1,94.4,122.2,91.0,82.1,86.8,100.0,102.2,104.5,115.6,118.0,95.5,70.3,68.1,,,,,,,,,,,,,,,,,,,,,,92.9,,,,,,,,,93.8,93.5
2018-12-01,,,,,,,,,,,,,101.3,104.4,100.1,104.0,131.2,126.0,89.7,77.6,92.1,103.1,109.4,119.6,126.9,123.3,101.5,70.5,68.4,,,,,,,,,,,,,,,,,,,,,,101.5,,,,,,,,,94.5,99.9
2019-01-01,,,,,,,,,,,,,83.8,89.6,88.1,87.2,81.1,116.4,83.6,73.6,85.7,94.4,77.7,83.9,92.0,87.9,87.4,62.4,60.2,,,,,,,,,,,,,,,,,,,,,,82.7,,,,,,,,,91.7,79.8
2019-02-01,,,,,,,,,,,,,77.7,82.8,82.1,81.9,80.5,80.6,79.9,72.8,79.3,87.6,75.5,78.8,83.7,77.5,80.5,56.0,53.4,,,,,,,,,,,,,,,,,,,,,,76.3,,,,,,,,,85.7,72.8
2019-03-01,,,,,,,,,,,,,89.1,95.1,94.3,93.5,88.0,88.3,90.4,84.0,92.8,97.8,91.3,93.3,101.9,97.7,86.6,63.6,60.6,,,,,,,,,,,,,,,,,,,,,,87.8,,,,,,,,,96.4,84.0
2019-04-01,,,,,,,,,,,,,90.8,93.6,92.2,91.6,87.8,77.3,92.6,92.9,110.6,93.4,96.8,103.0,116.1,125.2,85.8,63.4,59.6,,,,,,,,,,,,,,,,,,,,,,89.2,,,,,,,,,91.7,87.7
2019-05-01,,,,,,,,,,,,,96.5,99.0,97.5,97.0,93.6,95.7,97.4,96.3,110.1,98.6,106.4,108.7,115.6,123.9,94.8,68.3,64.6,,,,,,,,,,,,,,,,,,,,,,95.1,,,,,,,,,96.5,93.9
2019-06-01,,,,,,,,,,,,,92.9,96.2,94.1,94.2,94.7,91.7,90.1,90.6,105.1,90.2,107.7,105.8,119.7,124.4,97.1,65.5,62.6,,,,,,,,,,,,,,,,,,,,,,92.0,,,,,,,,,87.3,90.7
2019-07-01,,,,,,,,,,,,,92.8,96.2,93.7,93.3,90.3,94.0,92.1,90.1,105.1,94.6,112.9,100.4,111.3,111.7,97.6,68.0,65.0,,,,,,,,,,,,,,,,,,,,,,91.6,,,,,,,,,92.4,90.6
2019-08-01,,,,,,,,,,,,,89.7,97.1,95.9,95.1,89.4,98.3,86.6,79.7,95.0,94.8,109.6,93.8,100.9,109.8,91.1,63.1,60.8,,,,,,,,,,,,,,,,,,,,,,89.0,,,,,,,,,93.0,85.0
2019-09-01,,,,,,,,,,,,,87.6,89.2,87.7,87.7,88.2,93.9,84.8,81.5,88.9,88.7,89.2,97.7,115.2,123.0,83.2,66.6,63.8,,,,,,,,,,,,,,,,,,,,,,86.4,,,,,,,,,86.5,85.5
2019-10-01,,,,,,,,,,,,,94.5,96.9,93.9,93.6,91.9,104.1,95.0,87.9,92.3,103.1,89.7,107.4,127.9,129.4,90.5,68.2,65.4,,,,,,,,,,,,,,,,,,,,,,93.3,,,,,,,,,101.4,93.1
2019-11-01,,,,,,,,,,,,,96.5,97.4,93.9,94.1,95.4,119.5,93.9,86.5,90.3,102.1,95.9,107.1,115.3,114.3,98.6,77.4,75.4,,,,,,,,,,,,,,,,,,,,,,95.7,,,,,,,,,97.8,96.8
2019-12-01,,,,,,,,,,,,,105.4,104.4,99.9,103.8,130.6,133.7,95.3,83.6,94.6,107.7,104.0,124.7,130.0,121.1,106.9,83.4,81.5,,,,,,,,,,,,,,,,,,,,,,105.4,,,,,,,,,100.4,106.5
2020-01-01,,,,,,,,,,,,,87.9,93.3,92.1,91.1,83.9,115.3,87.4,78.2,85.7,97.3,80.1,85.9,91.3,86.3,88.8,69.2,67.4,,,,,,,,,,,,,,,,,,,,,,86.5,,,,,,,,,95.2,83.5
2020-02-01,,,,,,,,,,,,,83.6,89.9,89.3,88.7,84.8,86.3,87.7,81.3,86.5,94.8,82.7,81.8,81.8,78.2,88.6,61.9,61.0,,,,,,,,,,,,,,,,,,,,,,82.5,,,,,,,,,93.5,78.5
2020-03-01,,,,,,,,,,,,,88.2,102.2,103.4,101.8,90.2,99.4,96.4,102.5,116.6,89.9,81.1,69.9,54.2,55.1,96.7,74.2,73.7,,,,,,,,,,,,,,,,,,,,,,88.5,,,,,,,,,88.7,80.0
2020-04-01,,,,,,,,,,,,,88.1,98.8,99.6,98.4,90.2,88.6,103.4,118.7,151.2,88.4,93.4,68.6,50.2,71.4,83.6,83.5,83.3,,,,,,,,,,,,,,,,,,,,,,89.6,,,,,,,,,86.2,83.9
2020-05-01,,,,,,,,,,,,,100.1,107.0,106.6,105.6,98.9,109.2,113.1,121.6,151.4,106.0,123.2,93.2,86.4,98.2,93.5,86.8,86.2,,,,,,,,,,,,,,,,,,,,,,101.7,,,,,,,,,102.8,99.2
2020-06-01,,,,,,,,,,,,,100.7,101.4,100.1,100.0,99.4,111.4,113.3,114.5,131.7,113.6,132.5,101.5,106.2,107.6,97.4,85.1,84.4,,,,,,,,,,,,,,,,,,,,,,101.6,,,,,,,,,111.4,102.5
2020-07-01,,,,,,,,,,,,,101.7,102.9,101.2,101.5,103.3,107.0,112.3,110.3,129.7,115.5,138.6,105.4,109.8,112.8,99.8,81.0,80.2,,,,,,,,,,,,,,,,,,,,,,102.2,,,,,,,,,114.0,102.7
2020-08-01,,,,,,,,,,,,,94.2,99.7,98.8,98.3,94.6,107.3,95.4,88.8,108.2,103.0,116.2,93.6,94.7,106.6,90.4,77.5,77.4,,,,,,,,,,,,,,,,,,,,,,94.5,,,,,,,,,100.6,92.1
2020-09-01,,,,,,,,,,,,,94.6,95.4,94.6,94.6,94.5,99.4,103.4,101.3,106.6,106.5,101.3,99.2,107.0,111.6,87.8,80.5,80.2,,,,,,,,,,,,,,,,,,,,,,94.9,,,,,,,,,105.2,95.1
2020-10-01,,,,,,,,,,,,,100.6,103.7,102.3,102.3,102.1,115.3,111.7,109.6,115.6,114.8,97.9,101.0,105.1,109.3,94.9,88.3,88.4,,,,,,,,,,,,,,,,,,,,,,101.6,,,,,,,,,113.2,101.1
2020-11-01,,,,,,,,,,,,,100.2,97.3,94.1,94.9,100.6,146.3,107.7,104.5,109.4,110.6,96.8,98.3,91.1,92.7,95.8,102.9,103.5,,,,,,,,,,,,,,,,,,,,,,101.4,,,,,,,,,106.5,105.6
2020-12-01,,,,,,,,,,,,,103.4,112.3,113.8,116.8,137.9,111.1,92.4,87.5,84.8,95.5,77.9,93.3,71.4,67.8,115.7,108.2,109.2,,,,,,,,,,,,,,,,,,,,,,104.9,,,,,,,,,92.4,97.3
2021-01-01,79.5,78.1,77.1,80.7,90.3,74.0,80.6,76.2,82.8,79.1,85.7,76.2,80.2,93.2,99.4,97.4,84.3,76.9,61.7,67.0,47.7,54.1,43.9,61.2,35.5,41.0,91.0,99.5,100.5,78.6,86.5,62.4,79.1,106.9,41.2,54.1,84.1,70.8,74.4,98.0,96.9,94.1,101.9,80.6,76.3,72.4,27.9,93.5,69.8,82.6,80.3,80.5,80.9,82.0,50.4,92.7,101.9,82.0,73.9,57.1,70.2
2021-02-01,82.1,79.7,75.8,90.0,94.1,87.6,83.9,83.8,83.3,84.5,92.8,80.6,78.5,87.9,93.5,92.4,84.9,69.6,68.5,73.1,54.8,61.5,53.9,61.3,37.3,43.6,86.5,92.4,93.0,83.9,75.3,52.6,82.1,96.9,54.9,51.2,84.0,90.2,87.8,93.5,86.8,90.3,101.9,89.1,77.4,83.5,28.4,82.5,82.3,86.4,78.4,82.8,81.3,83.4,52.2,88.6,101.9,86.4,79.3,65.1,70.1
2021-03-01,111.9,112.5,106.7,101.6,108.0,122.8,105.5,116.8,103.3,105.0,111.9,101.4,96.7,100.4,103.2,102.1,94.6,85.8,93.0,92.4,79.7,93.0,93.7,87.8,76.0,70.5,96.8,106.8,107.2,101.3,93.6,65.8,98.5,105.8,59.0,60.4,98.9,102.1,92.4,100.7,103.5,91.7,101.9,109.9,91.5,90.9,38.6,96.4,101.2,95.4,96.8,104.7,97.4,96.9,60.0,101.1,101.9,103.2,93.9,97.3,93.7
2021-04-01,89.5,86.0,97.2,96.6,99.0,126.9,98.8,109.2,99.8,93.2,98.1,98.1,98.6,101.7,103.3,102.2,94.9,81.7,102.2,108.3,110.5,95.1,100.3,93.8,86.1,82.7,95.0,99.8,99.5,96.8,93.5,68.5,90.3,103.3,68.8,63.0,97.6,75.8,96.0,96.7,92.3,85.6,97.8,95.2,92.4,88.5,42.8,94.3,101.2,100.4,98.7,97.8,92.4,91.9,64.6,91.1,97.8,96.6,92.5,96.8,96.6
2021-05-01,98.0,97.8,99.2,90.9,92.7,127.3,98.8,114.8,99.7,96.4,94.4,97.9,108.3,104.9,103.5,102.9,98.9,107.7,119.6,121.8,139.7,119.0,123.7,114.8,124.6,129.7,96.6,101.2,100.8,98.1,90.5,78.2,92.0,92.0,97.3,93.7,96.8,87.1,98.2,98.3,90.0,92.5,97.8,92.5,94.8,92.3,59.9,99.1,96.9,104.5,108.9,100.3,93.0,93.2,94.7,92.1,97.8,92.6,92.8,118.1,112.4
2021-06-01,118.5,119.7,109.4,105.7,111.0,132.8,104.5,100.9,108.0,103.6,106.8,105.6,107.9,102.1,100.3,100.3,100.7,112.5,117.2,119.8,129.4,114.9,129.1,116.8,131.5,132.3,101.5,98.9,98.5,104.5,96.1,98.3,100.1,99.0,107.0,123.0,114.6,113.1,98.6,98.9,99.5,86.6,97.8,110.8,101.1,102.4,96.8,102.2,103.8,100.0,108.1,106.6,100.9,102.5,118.4,100.4,97.8,106.1,100.9,114.3,112.6
2021-07-01,90.0,87.6,91.8,100.2,97.1,105.9,100.2,92.2,103.3,98.6,92.9,107.1,105.5,103.4,100.8,101.0,102.1,104.6,113.3,111.2,121.0,115.3,133.9,110.6,119.2,120.6,104.1,91.6,90.9,102.3,103.7,117.2,96.6,97.3,143.3,145.2,104.2,92.9,106.9,101.3,92.3,119.6,100.4,93.1,91.5,101.3,184.7,103.1,106.8,90.4,105.3,100.0,100.7,102.1,144.7,97.9,100.4,96.7,102.9,114.3,107.9
2021-08-01,88.7,89.8,78.1,89.1,82.8,83.9,96.3,101.5,97.7,99.6,89.2,93.2,96.8,94.3,92.8,93.2,95.7,103.4,98.6,92.9,108.7,106.8,111.2,102.9,113.0,116.1,93.6,88.4,88.2,93.3,101.9,129.2,98.7,83.6,175.9,145.7,99.9,100.9,87.0,98.0,85.4,96.8,100.4,81.2,84.1,96.4,216.1,97.3,89.7,93.3,96.6,95.5,98.0,97.4,154.3,91.5,100.4,81.4,102.0,106.2,98.6
2021-09-01,108.0,110.0,96.0,101.7,98.0,104.5,103.7,103.8,104.4,108.3,101.4,102.9,100.0,96.2,94.9,95.5,100.1,102.3,102.6,103.2,102.5,102.6,104.3,106.0,119.1,117.9,94.4,92.4,92.0,104.1,100.6,128.2,110.0,90.7,135.3,136.0,105.3,117.5,98.8,100.5,104.6,105.2,100.4,104.2,102.6,101.6,142.9,100.8,98.6,101.1,99.4,103.6,106.7,108.8,135.8,105.2,100.4,99.3,119.5,102.2,101.7
2021-10-01,96.5,95.2,104.0,107.2,107.8,74.9,102.1,86.9,104.2,104.4,97.3,112.6,106.2,101.6,98.4,98.8,101.5,108.5,110.0,107.9,108.5,112.5,102.9,119.3,149.9,143.3,99.6,94.4,93.9,109.2,113.5,144.1,111.4,97.5,143.1,140.4,104.4,105.9,115.8,100.6,102.2,111.5,100.0,101.4,117.6,115.6,128.2,107.9,108.1,105.8,105.7,102.2,111.9,108.4,141.2,103.7,100.0,107.0,105.4,112.0,109.7
2021-11-01,112.4,112.4,106.9,115.7,117.9,90.8,111.9,97.2,107.1,116.8,112.4,115.7,108.8,100.6,96.3,97.2,103.1,130.6,110.8,106.1,104.9,116.5,105.5,114.3,116.8,116.6,110.3,115.8,116.3,109.5,123.5,124.9,121.0,105.0,102.1,109.3,108.6,107.1,109.3,110.0,112.8,106.6,100.0,108.4,127.9,122.2,120.5,107.4,110.9,122.1,108.8,111.4,116.4,112.6,107.3,110.7,100.0,114.5,114.0,112.3,115.7
2021-12-01,124.8,131.1,157.7,120.5,101.4,68.7,113.6,116.7,106.4,110.4,117.1,108.8,112.5,113.8,113.6,117.0,139.3,116.4,102.4,96.5,92.6,108.7,97.5,111.2,91.0,85.6,130.6,118.6,119.2,118.2,121.3,130.4,120.2,122.0,72.4,78.1,101.5,136.6,134.9,103.6,133.7,119.6,100.0,133.5,142.7,132.8,113.2,115.6,130.7,118.0,113.1,114.6,120.5,120.8,76.4,125.1,100.0,134.2,122.8,104.4,110.8
2022-01-01,93.5,91.5,82.4,96.3,104.7,97.0,103.0,95.6,97.1,95.8,94.8,117.9,93.6,96.9,97.7,96.7,90.4,114.8,88.3,87.7,80.9,89.1,77.9,83.8,77.5,73.7,96.9,101.0,101.4,90.4,102.4,114.3,108.0,102.0,51.1,69.4,83.8,58.0,91.8,101.7,103.5,103.3,98.7,84.7,89.2,97.0,85.2,107.1,82.0,92.3,93.2,100.4,101.5,95.6,64.2,96.9,98.7,92.1,97.3,90.6,91.1
2022-02-01,109.3,111.6,90.4,100.8,99.5,100.4,102.0,102.8,93.9,96.4,100.1,115.0,91.2,91.1,90.3,90.3,89.7,88.8,97.3,97.4,94.6,96.9,87.2,89.1,89.3,78.8,89.5,86.1,85.9,101.7,100.4,110.0,105.0,86.4,87.9,108.1,86.6,83.8,99.9,102.1,94.7,108.9,98.7,92.6,88.6,105.4,104.6,97.8,92.8,98.1,90.3,101.0,102.2,99.2,102.3,96.0,98.7,95.5,101.7,97.4,90.4
2022-03-01,130.9,134.1,108.4,116.9,114.5,130.7,127.5,129.8,117.8,113.0,126.5,143.9,107.4,104.4,103.2,102.6,98.5,95.3,113.5,116.1,115.3,110.9,109.3,113.2,120.4,111.6,104.8,97.3,96.5,122.6,122.8,144.6,124.8,95.8,131.6,140.1,102.9,111.7,103.6,98.6,110.4,117.7,98.7,113.0,108.4,113.5,118.6,111.2,112.6,103.5,106.1,124.5,122.7,114.8,137.7,108.5,98.7,113.2,113.6,112.2,108.2
2022-04-01,90.7,86.5,100.5,107.4,103.3,121.8,118.0,124.3,118.8,96.4,107.2,137.6,109.0,106.8,105.0,104.6,101.9,93.3,110.8,115.2,118.9,106.5,119.3,118.4,139.5,131.2,102.4,93.0,92.4,117.4,124.4,162.0,116.2,94.9,172.8,157.8,98.6,86.4,102.3,97.4,98.3,121.6,101.5,106.5,110.8,115.0,120.0,111.1,111.4,107.8,107.6,113.5,118.7,111.9,162.1,99.4,101.5,109.8,109.5,106.3,109.3
2022-05-01,103.3,99.5,104.0,111.0,113.8,144.7,128.3,134.8,122.1,107.6,116.2,151.5,112.3,106.3,103.7,103.4,101.4,98.1,112.6,116.3,119.4,108.9,122.7,124.2,142.4,141.2,106.6,102.4,101.6,122.5,137.8,186.2,124.9,92.3,174.3,166.8,100.7,90.1,106.0,98.1,101.6,110.5,101.5,106.8,113.2,122.9,172.8,117.0,116.5,113.2,110.8,122.8,126.8,117.2,168.9,100.7,101.5,111.0,120.7,108.8,115.2
2022-06-01,127.0,129.6,125.7,113.1,114.5,128.7,126.4,134.8,120.9,106.0,120.2,150.2,111.8,108.4,106.1,106.1,106.2,98.7,111.1,115.8,113.2,105.9,123.6,119.0,131.6,127.2,113.1,100.2,99.4,123.5,132.7,199.2,126.4,99.2,180.7,169.7,108.1,98.4,119.3,101.6,106.3,126.9,101.5,117.0,113.0,126.5,190.8,120.3,119.6,107.9,110.1,124.0,128.6,122.5,172.8,107.2,101.5,116.1,131.0,106.3,112.4
2022-07-01,97.8,96.1,93.7,107.7,102.4,109.0,119.2,121.1,113.4,99.5,101.5,144.4,110.5,109.5,106.3,105.9,102.9,102.8,106.7,108.0,113.6,105.4,134.0,117.0,132.5,129.1,113.5,96.4,95.7,117.5,143.1,218.3,122.5,99.0,197.0,173.8,100.5,76.3,88.9,101.2,102.7,119.7,106.4,104.8,99.3,119.2,299.0,124.5,116.9,95.7,109.1,115.4,127.4,120.9,180.4,100.9,106.4,107.0,135.8,104.3,111.0
2022-08-01,107.4,110.3,93.7,100.5,93.2,98.2,121.3,132.6,117.8,113.3,107.4,128.4,102.3,105.0,103.6,102.5,95.7,102.5,96.0,93.8,103.6,99.2,116.8,104.6,108.6,110.5,104.4,91.3,91.2,112.2,149.8,210.3,124.7,89.4,210.0,164.0,100.7,90.9,90.0,96.4,97.5,109.8,106.4,92.6,95.0,119.8,297.4,122.8,104.0,96.7,101.4,116.6,125.9,115.2,177.1,97.9,106.4,96.3,125.0,97.9,100.7
2022-09-01,140.2,145.5,127.5,116.1,119.9,118.1,125.3,121.9,122.8,114.0,116.3,140.1,107.0,106.7,104.2,103.6,99.3,101.5,105.4,106.9,107.5,104.3,104.7,112.7,132.7,130.8,102.0,96.9,96.5,123.8,150.6,203.4,129.3,94.8,183.6,159.5,109.3,107.3,113.8,101.4,110.8,124.3,106.4,112.2,122.7,121.8,228.8,126.4,115.2,109.3,105.8,123.9,131.7,124.1,166.3,110.1,106.4,113.6,134.3,104.0,107.1
2022-10-01,113.5,113.0,136.5,116.8,118.4,104.8,129.1,121.6,122.0,117.3,113.8,147.8,111.1,109.0,105.4,104.8,100.5,108.3,110.4,109.5,107.2,110.9,101.9,120.5,148.9,133.2,105.7,99.1,98.8,126.2,140.8,192.6,127.4,100.1,182.5,167.2,105.2,97.8,112.0,103.3,110.8,143.7,105.5,111.6,129.8,131.3,188.0,133.1,121.4,106.4,109.6,124.3,130.4,124.4,171.5,111.2,105.5,120.0,129.5,109.7,112.5
2022-11-01,150.7,158.0,143.7,123.9,125.2,106.3,127.4,140.0,123.7,118.0,126.2,129.3,116.9,111.5,106.1,105.6,102.5,142.4,113.6,111.3,104.9,115.3,113.0,122.5,132.8,125.7,116.7,121.3,121.6,128.2,128.0,156.5,123.8,109.0,141.1,149.9,117.0,95.3,111.3,99.3,121.3,111.2,105.5,125.9,134.4,139.9,136.9,138.5,126.3,118.1,116.7,128.1,126.6,124.2,147.4,113.0,105.5,129.4,128.5,112.0,123.1
2022-12-01,147.9,158.7,185.6,130.0,104.5,75.7,115.1,114.5,114.1,101.4,123.3,124.3,124.8,127.1,121.4,124.1,142.6,134.7,113.7,104.3,109.1,123.6,126.8,135.5,141.6,133.6,129.1,114.8,115.2,127.0,139.3,185.7,122.6,117.5,152.4,158.7,99.4,117.6,154.9,106.7,144.7,131.2,105.5,140.7,140.6,151.7,169.1,145.8,148.2,121.7,126.1,120.3,129.5,134.8,156.9,131.0,105.5,142.3,142.3,116.3,127.2
2023-01-01,115.4,115.7,114.4,111.9,114.7,115.4,115.4,112.5,112.0,105.2,118.1,123.1,104.2,108.0,105.7,103.9,91.9,125.1,101.7,95.1,96.9,109.1,93.4,101.7,107.3,96.1,106.2,102.5,102.7,105.6,110.1,171.8,103.2,101.3,118.2,136.6,96.2,85.6,100.3,100.6,116.8,106.5,102.1,97.2,101.4,108.6,142.6,141.4,93.9,97.5,104.1,113.5,109.1,107.7,131.4,107.8,102.1,103.1,106.6,110.2,104.2
2023-02-01,129.4,134.5,134.1,110.6,108.0,110.5,112.0,123.7,107.1,105.9,114.4,113.2,98.0,102.5,101.2,99.9,90.7,90.3,97.0,93.4,92.3,100.7,92.9,96.2,98.9,85.8,100.2,92.1,91.7,109.8,118.9,149.1,100.8,90.4,120.8,137.8,94.2,82.2,98.2,98.5,107.3,104.8,102.1,105.3,98.7,114.2,149.5,133.6,107.4,106.5,97.5,111.6,108.0,109.4,132.9,101.8,102.1,107.1,116.9,101.5,96.1
2023-03-01,163.4,171.1,157.6,127.6,132.2,138.5,127.2,138.8,127.7,115.8,139.5,126.5,112.1,117.2,115.8,114.0,101.9,101.4,112.5,108.4,108.7,116.6,109.6,112.4,118.6,104.7,108.5,103.7,103.2,125.1,120.0,176.3,115.0,97.3,149.9,153.8,107.5,107.8,109.2,101.1,122.4,127.5,102.1,124.4,121.9,136.9,157.6,145.9,128.1,107.1,112.0,128.6,121.4,125.6,152.7,116.3,102.1,128.7,137.8,118.4,110.8
2023-04-01,125.1,127.8,127.2,112.8,109.9,129.9,108.5,116.4,113.3,95.6,108.3,111.5,110.2,113.8,111.3,110.0,101.6,86.6,107.6,108.8,122.4,106.2,120.0,118.6,135.9,126.7,108.4,97.0,96.5,113.6,116.9,183.6,101.0,92.8,197.0,173.9,102.4,89.2,99.5,93.7,104.1,108.2,103.7,108.8,107.3,133.9,204.2,142.6,120.4,96.2,110.3,110.6,111.6,115.3,180.5,100.9,103.7,114.3,122.5,107.2,110.4
2023-05-01,150.2,156.4,144.4,123.8,121.8,137.3,119.4,129.5,129.7,111.2,125.9,109.0,117.8,118.9,116.8,115.3,105.6,99.0,114.9,118.3,132.0,111.0,129.0,129.9,143.8,145.4,119.1,105.0,104.7,121.7,132.4,200.1,108.1,92.6,198.2,180.5,112.5,92.3,109.2,100.5,107.3,106.6,103.7,113.6,116.1,133.4,207.4,151.7,126.3,123.6,117.9,122.5,119.9,121.7,185.5,104.8,103.7,118.7,133.6,111.9,119.4
2023-06-01,157.8,165.0,156.6,132.3,126.2,133.3,117.8,127.4,130.4,111.7,124.3,106.6,119.6,122.3,119.1,117.9,109.3,102.0,112.7,116.0,124.2,109.0,136.7,130.3,149.5,138.8,126.9,103.0,102.3,126.6,126.1,205.1,109.6,99.4,203.4,184.4,118.2,104.3,118.6,102.0,121.2,117.9,103.7,129.8,125.6,141.5,228.9,155.7,132.7,110.2,119.1,122.5,122.4,128.9,189.8,115.4,103.7,129.9,142.3,109.2,119.9
2023-07-01,124.2,127.7,118.1,120.7,107.7,106.5,108.3,107.1,116.6,107.7,109.5,105.4,112.0,115.5,112.0,111.0,104.4,101.4,105.9,105.1,118.1,107.3,139.4,118.4,128.5,122.9,120.0,99.6,99.4,116.4,120.8,227.9,102.1,95.2,207.7,187.3,110.4,90.1,101.3,98.7,111.7,114.1,105.9,114.0,104.5,126.2,344.0,156.1,130.0,100.8,112.4,110.7,116.5,124.6,193.1,107.0,105.9,117.0,147.3,107.6,113.2
2023-08-01,126.8,133.6,111.3,111.7,99.1,87.3,113.0,121.7,119.7,108.0,103.6,111.1,108.1,114.0,111.9,110.3,99.2,102.8,98.4,94.5,108.7,104.0,119.6,112.6,117.5,116.6,112.8,96.7,96.8,112.1,116.6,224.9,103.3,87.3,209.8,173.2,108.5,97.1,96.1,101.2,105.1,103.3,105.9,103.4,103.4,128.2,329.7,151.3,116.0,112.2,108.0,113.7,114.3,118.3,183.7,103.4,105.9,104.5,137.8,103.5,106.6
2023-09-01,132.3,137.2,126.2,124.6,116.2,88.1,116.3,113.0,117.6,109.7,117.1,120.5,110.7,114.8,113.0,111.8,103.7,101.2,101.4,101.9,106.4,100.8,105.6,116.6,122.9,112.8,110.5,100.5,100.4,121.2,126.5,226.4,104.6,94.3,196.1,177.5,109.1,104.8,124.1,98.6,114.0,116.1,105.9,117.5,123.7,124.5,258.9,154.6,121.8,104.3,110.0,117.1,119.6,124.3,182.8,110.4,105.9,118.3,140.3,100.4,109.0
2023-10-01,134.9,138.3,135.1,138.2,128.2,79.3,120.9,110.8,124.1,117.8,118.2,127.8,114.7,114.9,111.4,110.1,101.3,101.8,108.8,105.3,109.1,112.2,101.4,125.5,151.4,138.2,111.6,108.8,108.7,128.7,127.9,203.3,108.3,112.7,193.1,172.2,118.0,100.7,119.6,101.0,117.7,132.5,109.7,129.5,127.7,132.8,217.8,160.0,132.8,128.4,114.1,121.4,123.7,129.4,178.1,114.5,109.7,128.7,145.5,111.5,116.5
2023-11-01,153.4,160.2,129.9,142.4,135.1,77.4,118.4,105.4,122.0,116.8,119.9,117.8,120.7,119.1,113.5,112.5,105.8,144.3,111.6,109.5,112.3,113.7,104.4,127.5,135.1,125.0,125.3,126.3,126.8,126.8,119.8,178.0,108.4,123.0,149.4,158.2,114.9,103.9,120.3,104.6,132.5,116.9,109.7,133.2,140.1,152.1,159.0,162.9,134.3,138.4,120.9,122.6,121.5,129.9,155.7,121.4,109.7,135.4,143.2,111.8,125.9
2023-12-01,128.4,135.5,169.3,132.1,102.9,50.2,105.6,96.4,115.6,97.2,113.2,102.4,126.5,130.5,124.5,126.9,143.0,126.6,108.1,97.9,107.4,119.1,116.3,141.4,147.1,128.6,135.5,117.8,118.3,125.2,122.0,173.0,111.4,121.5,156.9,175.3,119.7,127.1,148.2,100.8,155.9,136.9,109.7,140.5,153.2,151.6,197.3,166.8,155.1,108.0,127.8,111.6,122.0,137.9,170.0,138.5,109.7,148.1,148.2,111.8,128.3
2024-01-01,131.9,135.5,132.6,131.5,120.9,88.0,110.0,109.2,119.4,96.8,96.1,111.9,107.6,110.6,107.8,106.3,96.3,111.7,98.5,95.0,97.3,102.5,94.4,109.8,112.4,95.4,119.0,108.4,108.8,107.1,119.7,169.7,97.6,108.0,124.1,144.1,98.4,96.1,101.5,105.1,123.3,116.4,105.4,101.9,106.0,112.6,157.9,168.3,101.6,100.2,107.3,112.0,108.7,112.4,138.4,114.4,105.4,108.3,114.6,102.3,107.8
2024-02-01,142.7,148.8,129.2,122.1,119.1,110.6,108.7,124.9,117.0,99.6,103.3,108.7,103.5,107.1,105.5,104.3,96.2,92.7,98.5,97.0,97.2,99.9,95.0,103.7,99.5,87.9,110.6,101.4,101.4,116.0,106.0,160.1,104.0,94.2,133.4,149.3,95.8,94.2,95.0,100.7,116.1,110.1,105.4,115.1,110.1,127.4,172.2,162.1,117.9,113.7,103.0,111.5,111.1,116.6,144.8,108.6,105.4,119.6,124.8,99.8,102.3
2024-03-01,146.9,152.1,149.7,133.7,122.3,129.0,113.2,113.6,125.3,111.4,112.3,108.9,116.1,118.2,115.8,115.0,109.6,95.4,108.6,110.7,117.9,106.3,115.9,122.5,129.7,114.4,118.5,110.3,110.4,125.8,121.1,183.7,115.0,95.6,163.7,169.2,108.1,107.5,117.0,105.6,123.8,123.7,105.4,133.4,123.4,143.4,188.2,167.0,133.7,108.3,115.7,117.4,122.2,128.7,167.6,117.7,105.4,130.9,143.5,107.2,116.2
2024-04-01,134.1,134.9,127.3,138.7,127.4,133.5,114.4,114.9,128.5,105.2,105.0,115.5,114.5,113.8,111.1,109.9,101.8,90.5,107.0,114.0,126.0,99.4,120.9,123.2,133.2,127.2,116.3,108.5,108.5,127.8,122.6,190.0,109.7,104.2,190.4,176.4,104.6,97.5,108.0,99.9,117.9,127.7,107.3,126.6,124.2,141.9,202.0,167.5,137.4,109.6,113.3,116.6,121.9,126.7,180.4,112.4,107.3,134.0,132.7,100.5,115.3
2024-05-01,138.3,141.4,130.1,133.9,120.8,131.8,116.9,118.2,135.2,107.2,103.2,116.7,122.8,122.7,119.5,118.6,112.3,103.9,111.7,120.5,133.2,101.9,130.3,137.0,151.1,152.8,129.2,113.6,113.4,128.4,126.3,209.3,111.1,98.8,208.4,191.0,106.8,103.7,109.3,102.2,117.0,119.1,107.3,121.1,120.2,129.1,240.6,170.9,137.7,137.3,122.3,120.2,123.9,128.7,196.0,112.3,107.3,122.8,146.1,102.9,124.5
2024-06-01,144.7,150.8,147.5,131.8,115.6,119.5,111.7,94.4,124.0,100.8,100.4,121.1,116.8,115.9,112.3,112.3,112.6,104.2,105.6,111.3,119.1,99.4,129.7,125.1,137.9,133.7,128.1,111.0,110.9,124.9,119.9,211.4,110.0,95.1,204.8,190.6,122.7,107.0,125.9,103.3,124.6,126.2,107.3,136.8,121.1,140.9,233.5,166.7,136.9,107.6,116.1,116.2,121.4,130.2,194.6,119.0,107.3,128.9,144.1,100.2,118.2
2024-07-01,133.6,137.4,134.7,134.1,116.2,107.1,116.6,,,,,,116.4,113.9,109.6,110.0,112.8,101.8,104.1,108.9,120.9,99.0,137.5,125.4,134.2,126.9,130.2,111.4,111.0,128.5,120.2,229.0,115.7,104.6,220.4,188.4,106.7,102.2,140.3,103.0,118.6,131.6,110.9,126.9,116.7,142.0,351.4,167.5,141.9,108.9,115.3,118.4,126.9,132.7,197.5,115.2,110.9,126.7,153.0,100.0,118.5
2024-08-01,,,,,,,,,,,,,111.7,115.0,112.2,112.2,112.0,95.5,97.1,99.7,114.7,95.5,124.0,117.7,120.2,126.3,126.8,104.4,104.7,,,,,,,,,,,,,,,,,,,,,,111.0,,,,,,,,,95.8,110.3
